timestamp,elapsed_ms,accel_x_ms2,accel_y_ms2,accel_z_ms2,gyro_x_rads,gyro_y_rads,gyro_z_rads,mag_x_uT,mag_y_uT,mag_z_uT,temp_c
15:28:38.246,1717502,9.838,9.292,1.573,-0.388,0.225,-0.106,-62.850,20.850,-23.400,34.8
15:28:38.291,1717556,7.977,5.552,2.713,0.016,0.034,0.016,-62.850,20.850,-23.400,34.8
15:28:38.351,1717610,8.882,6.194,1.654,-0.128,-0.005,0.172,-58.800,17.400,-21.150,34.8
15:28:38.396,1717664,8.947,5.329,1.824,0.200,-0.091,0.256,-58.800,17.400,-21.150,34.8
15:28:38.456,1717718,9.981,6.151,2.227,0.050,-0.461,0.490,-59.250,14.250,-21.450,34.7
15:28:38.516,1717772,8.655,4.642,1.286,-0.038,-0.205,0.388,-59.250,14.250,-21.450,34.8
15:28:38.561,1717826,9.857,5.507,0.903,-0.072,-0.277,0.533,-56.550,10.050,-22.950,34.6
15:28:38.622,1717880,9.347,5.274,1.322,0.129,-0.293,0.434,-56.550,10.050,-22.950,34.6
15:28:38.667,1717934,9.115,4.786,1.305,0.208,-0.254,0.501,-54.450,5.550,-24.600,34.7
15:28:38.729,1717988,9.558,4.164,0.728,0.092,-0.363,0.511,-54.450,5.550,-24.600,34.8
15:28:38.787,1718042,9.809,3.996,1.109,0.115,-0.326,0.589,-54.450,5.550,-24.600,34.8
15:28:38.832,1718096,9.304,3.333,-0.005,-0.055,-0.429,0.590,-48.600,-2.100,-28.950,34.7
15:28:38.892,1718150,9.697,2.866,0.318,0.128,-0.299,0.493,-48.600,-2.100,-28.950,34.7
15:28:38.937,1718204,10.369,2.507,0.110,0.228,-0.290,0.338,-45.900,-5.100,-28.200,34.9
15:28:38.997,1718258,9.821,3.618,0.603,-0.072,-0.221,0.222,-45.900,-5.100,-28.200,34.8
15:28:39.056,1718312,9.500,2.617,0.038,0.079,-0.081,0.167,-45.450,-6.450,-30.300,35.0
15:28:39.103,1718366,9.436,2.753,0.299,0.157,-0.068,0.150,-45.450,-6.450,-30.300,34.5
15:28:39.161,1718420,9.282,2.835,0.280,0.010,-0.088,0.088,-45.000,-5.700,-30.300,35.0
15:28:39.206,1718474,9.301,2.933,-0.069,-0.028,-0.068,0.038,-45.000,-5.700,-30.300,34.9
15:28:39.266,1718528,9.424,3.045,-0.098,-0.029,-0.077,0.038,-45.000,-5.700,-30.300,34.7
15:28:39.326,1718582,9.701,2.737,-0.503,-0.112,-0.043,0.003,-45.000,-5.700,-30.300,35.0
15:28:39.372,1718636,9.483,2.715,-0.211,-0.084,-0.032,-0.037,-43.350,-9.000,-30.750,35.1
15:28:39.433,1718690,9.752,3.038,-0.345,0.078,0.006,-0.090,-43.350,-9.000,-30.750,34.7
15:28:39.481,1718744,10.822,2.133,-0.553,-0.164,0.014,-0.211,-42.600,-7.050,-30.750,34.8
15:28:39.536,1718798,11.377,3.146,-0.237,-0.224,0.155,-0.370,-44.400,-5.850,-30.750,34.8
15:28:39.596,1718852,12.388,2.468,-0.520,-0.256,0.422,-0.592,-44.400,-5.850,-30.750,34.6
15:28:39.658,1718906,12.182,4.032,0.862,-0.387,0.633,-0.942,-48.600,-2.100,-29.700,34.8
15:28:39.716,1718960,11.882,4.290,-0.215,-0.050,0.678,-0.914,-48.600,-2.100,-29.700,34.8
15:28:39.778,1719014,10.362,4.769,1.856,-0.436,0.482,-0.984,-48.600,-2.100,-29.700,34.8
15:28:39.838,1719068,9.905,4.913,0.318,-0.028,0.462,-0.760,-48.600,-2.100,-29.700,34.8
15:28:39.898,1719122,7.815,4.336,1.958,-0.103,-0.024,-0.425,-57.000,13.050,-27.000,34.7
15:28:39.958,1719176,7.762,5.334,1.463,-0.198,-0.140,-0.225,-57.000,13.050,-27.000,34.7
15:28:40.018,1719230,7.003,6.007,2.004,0.221,-0.220,0.024,-58.200,15.600,-26.100,35.0
15:28:40.019,1719284,6.914,4.882,1.645,0.012,-0.252,0.185,-58.200,15.600,-26.100,34.8
15:28:40.077,1719338,5.909,6.249,1.393,-0.071,-0.408,0.367,-58.650,20.250,-25.650,34.5
15:28:40.136,1719392,6.371,3.752,0.778,0.157,-0.185,0.368,-57.450,16.350,-27.150,34.9
15:28:40.196,1719446,5.969,4.144,1.475,0.036,-0.340,0.480,-57.450,16.350,-27.150,34.8
15:28:40.257,1719500,6.716,4.831,0.675,-0.079,-0.247,0.303,-57.450,16.350,-27.150,35.0
15:28:40.316,1719554,6.601,4.288,0.184,-0.018,-0.421,0.189,-57.450,16.350,-27.150,34.8
15:28:40.377,1719608,6.354,3.608,1.391,-0.238,-0.401,0.020,-58.200,17.550,-29.700,34.8
15:28:40.436,1719662,6.986,4.003,-0.249,-0.233,-0.139,-0.022,-58.200,17.550,-29.700,35.0
15:28:40.497,1719716,7.242,2.840,0.699,0.093,0.225,0.037,-57.000,15.750,-30.300,34.8
15:28:40.557,1719770,8.212,5.387,0.711,0.162,0.168,-0.020,-57.000,15.750,-30.300,34.6
15:28:40.558,1719824,8.480,5.696,1.302,0.587,0.124,-0.143,-57.450,17.550,-30.750,34.6
15:28:40.616,1719878,9.993,3.570,-0.108,-0.170,0.093,-0.041,-57.450,17.550,-30.750,34.9
15:28:40.676,1719932,8.329,5.188,0.371,-0.350,0.092,0.095,-57.750,16.200,-31.050,35.0
15:28:40.736,1719986,7.812,4.956,0.764,0.136,0.122,0.097,-57.750,16.200,-31.050,34.7
15:28:40.798,1720040,8.602,3.797,0.702,0.235,0.048,0.031,-57.750,16.200,-31.050,34.6
15:28:40.856,1720094,8.011,5.382,0.429,0.068,0.028,0.009,-58.050,14.250,-28.050,34.8
15:28:40.916,1720148,7.530,5.023,1.178,-0.015,0.072,0.008,-58.050,14.250,-28.050,34.9
15:28:40.978,1720202,6.744,3.716,0.359,-0.005,0.139,-0.113,-58.200,14.850,-30.450,35.0
15:28:41.036,1720256,6.373,3.970,0.481,0.094,0.246,-0.215,-58.200,14.850,-30.450,34.6
15:28:41.098,1720310,5.945,4.853,1.128,0.225,0.323,-0.342,-58.650,15.900,-27.600,34.7
15:28:41.099,1720364,6.737,4.736,1.223,0.354,0.378,-0.432,-58.650,15.900,-27.600,34.9
15:28:41.156,1720418,6.644,5.308,0.742,0.260,0.101,-0.444,-59.700,17.550,-26.400,34.8
15:28:41.216,1720472,6.855,5.095,2.140,0.323,0.192,-0.222,-59.700,17.550,-26.400,35.1
15:28:41.276,1720526,7.963,5.988,1.049,-0.121,0.078,-0.144,-59.700,17.550,-26.400,34.8
15:28:41.338,1720580,7.671,6.273,1.563,0.257,0.022,-0.129,-59.700,17.550,-26.400,34.9
15:28:41.398,1720634,8.928,3.773,1.432,-0.282,-0.072,-0.030,-58.650,14.400,-24.600,34.8
15:28:41.458,1720688,7.329,6.033,1.973,-0.077,-0.256,0.087,-57.750,13.800,-26.250,34.8
15:28:41.516,1720742,9.651,6.723,0.259,-0.393,-0.194,0.178,-57.750,13.800,-26.250,34.7
15:28:41.576,1720796,9.421,5.449,1.650,-0.131,-0.323,0.131,-55.200,12.150,-28.200,34.6
15:28:41.637,1720850,9.012,6.357,1.223,-0.405,-0.273,0.090,-55.200,12.150,-28.200,34.6
15:28:41.756,1720904,8.923,4.611,1.144,-0.096,-0.117,0.282,-53.250,9.600,-29.550,35.0
15:28:41.757,1720958,8.703,4.731,1.197,-0.087,-0.123,0.402,-53.250,9.600,-29.550,34.8
15:28:41.758,1721012,9.699,5.071,-0.177,0.299,0.071,0.494,-52.500,6.900,-30.300,34.9
15:28:41.818,1721066,9.105,4.482,0.857,0.342,-0.011,0.413,-52.500,6.900,-30.300,34.8
15:28:41.878,1721120,9.828,5.126,0.321,0.225,0.040,0.415,-52.500,6.900,-30.300,34.8
15:28:41.937,1721174,8.777,3.766,0.517,0.250,-0.010,0.337,-52.500,6.900,-30.300,35.0
15:28:41.997,1721228,9.266,4.365,0.448,0.086,-0.085,0.268,-49.800,0.000,-28.800,34.6
15:28:42.117,1721282,9.227,3.800,0.134,0.221,-0.070,0.273,-49.500,-2.250,-28.800,34.8
15:28:42.118,1721336,9.431,3.828,0.491,0.083,-0.157,0.256,-49.500,-2.250,-28.800,34.9
15:28:42.178,1721390,9.278,3.749,0.108,0.067,-0.119,0.221,-48.000,-5.700,-27.750,35.1
15:28:42.179,1721444,9.553,3.203,0.520,-0.008,-0.112,0.164,-48.000,-5.700,-27.750,34.8
15:28:42.236,1721498,9.699,3.654,0.062,0.132,-0.054,0.114,-46.650,-4.050,-28.950,34.7
15:28:42.296,1721552,9.378,3.570,-0.026,0.260,-0.025,0.071,-46.650,-4.050,-28.950,35.0
15:28:42.358,1721606,9.234,3.548,0.426,-0.056,-0.024,0.052,-46.650,-4.050,-28.950,34.8
15:28:42.418,1721660,9.325,3.776,0.450,-0.135,-0.082,-0.024,-46.650,-4.050,-28.950,34.8
15:28:42.478,1721714,10.070,3.421,0.026,0.015,-0.020,-0.073,-46.650,-4.050,-29.700,34.5
15:28:42.538,1721768,10.673,3.991,0.146,-0.092,0.055,-0.237,-46.650,-4.050,-29.700,34.8
15:28:42.597,1721822,11.815,3.417,-0.340,-0.001,0.220,-0.370,-46.200,-4.500,-29.850,35.0
15:28:42.657,1721876,11.344,3.381,-0.132,-0.274,0.215,-0.729,-46.200,-4.500,-29.850,34.7
15:28:42.717,1721930,10.534,4.058,0.326,-0.228,0.337,-0.865,-48.900,-0.150,-30.150,34.9
15:28:42.718,1721984,9.732,4.322,1.068,0.019,0.056,-0.724,-53.250,5.400,-29.550,34.7
15:28:42.776,1722038,10.630,5.794,0.792,-0.085,0.269,-0.499,-53.250,5.400,-29.550,34.7
15:28:42.838,1722092,9.390,4.875,1.185,-0.064,0.188,-0.379,-53.250,5.400,-29.550,34.8
15:28:42.896,1722146,8.009,5.643,1.480,0.029,0.035,-0.115,-53.250,5.400,-29.550,34.8
15:28:42.956,1722200,6.697,5.631,1.085,-0.185,-0.060,0.003,-57.450,13.200,-26.400,34.8
15:28:43.018,1722254,6.701,4.733,1.247,-0.228,-0.176,0.181,-57.450,13.200,-26.400,34.8
15:28:43.078,1722308,7.424,5.363,1.393,0.054,-0.180,0.284,-58.950,17.100,-26.400,34.9
15:28:43.138,1722362,7.915,6.117,1.836,0.159,-0.283,0.327,-58.950,17.100,-26.400,34.7
15:28:43.197,1722416,7.887,5.344,1.779,-0.018,-0.336,0.294,-58.050,16.950,-28.500,34.8
15:28:43.256,1722470,6.404,4.863,1.247,-0.254,-0.356,0.308,-58.050,16.950,-28.500,34.9
15:28:43.257,1722524,7.482,4.120,0.484,-0.764,-0.293,0.482,-57.150,16.800,-28.650,34.9
15:28:43.317,1722578,5.318,3.910,1.049,-0.634,-0.292,0.529,-57.150,16.800,-28.650,35.0
15:28:43.378,1722632,6.728,3.115,-0.412,-0.312,0.323,0.247,-57.150,16.800,-28.650,34.7
15:28:43.438,1722686,6.553,3.294,0.900,0.136,0.258,0.099,-56.700,14.850,-31.200,34.7
15:28:43.498,1722740,7.956,4.513,0.443,0.202,0.264,-0.107,-56.700,14.850,-31.200,34.7
15:28:43.558,1722794,9.033,4.460,0.642,-0.069,0.102,-0.168,-57.750,13.500,-29.250,34.8
15:28:43.617,1722848,8.674,3.948,1.221,-0.224,0.145,-0.145,-57.750,13.500,-29.250,35.0
15:28:43.677,1722902,9.649,4.288,0.773,0.199,0.105,-0.056,-58.950,16.350,-28.200,34.8
15:28:43.738,1722956,8.732,3.414,1.697,0.294,0.095,0.001,-58.950,16.350,-28.200,34.9
15:28:43.796,1723010,8.641,5.133,1.532,-0.056,-0.096,0.060,-58.950,16.350,-28.650,34.9
15:28:43.797,1723064,8.231,4.207,1.453,0.007,-0.046,-0.020,-58.950,16.350,-28.650,34.8
15:28:43.858,1723118,8.650,4.319,1.944,0.322,0.163,-0.067,-58.950,16.350,-28.650,34.7
15:28:43.917,1723172,7.077,4.575,1.267,0.300,0.249,-0.086,-57.900,15.600,-26.850,34.6
15:28:43.977,1723226,6.864,3.443,1.259,-0.109,0.245,-0.179,-57.900,15.600,-26.850,35.0
15:28:44.036,1723280,5.169,3.905,-0.120,-0.225,0.273,-0.338,-60.450,14.850,-25.650,34.8
15:28:44.097,1723334,4.336,2.210,1.010,0.279,0.453,-0.671,-60.450,14.850,-25.650,35.0
15:28:44.157,1723388,5.945,5.914,1.341,0.254,0.294,-0.672,-59.850,16.500,-24.750,34.7
15:28:44.217,1723442,7.549,5.804,2.598,0.175,0.298,-0.621,-59.850,16.500,-24.750,34.8
15:28:44.278,1723496,7.942,6.981,2.751,-0.099,0.081,-0.356,-60.450,18.300,-23.850,35.0
15:28:44.336,1723550,7.913,6.182,2.291,-0.025,0.167,-0.249,-60.450,18.300,-23.850,35.0
15:28:44.337,1723604,7.245,4.669,1.276,0.016,0.151,-0.036,-60.450,18.300,-23.850,34.9
15:28:44.397,1723658,9.369,6.132,1.621,0.202,0.108,0.282,-60.450,18.300,-23.850,34.6
15:28:44.458,1723712,8.784,6.127,2.406,0.246,-0.029,0.328,-58.650,16.800,-22.050,34.7
15:28:44.518,1723766,9.000,6.730,1.252,0.248,-0.092,0.108,-58.650,16.800,-22.050,34.8
15:28:44.578,1723820,8.313,4.693,1.918,-0.031,-0.258,0.148,-58.050,12.750,-22.200,35.0
15:28:44.638,1723874,7.985,4.599,1.092,-0.005,-0.203,0.301,-58.200,8.700,-22.350,34.9
15:28:44.697,1723928,9.749,4.367,1.635,0.036,-0.160,0.390,-58.200,8.700,-22.350,34.8
15:28:44.758,1723982,7.271,4.738,2.073,0.045,-0.246,0.445,-54.900,5.850,-22.800,34.9
15:28:44.817,1724036,9.167,4.848,0.431,0.145,-0.176,0.576,-54.900,5.850,-22.800,34.8
15:28:44.876,1724090,10.374,5.169,1.240,0.278,-0.304,0.514,-54.900,5.850,-22.800,34.4
15:28:44.877,1724144,9.799,4.956,0.745,0.310,-0.152,0.179,-54.900,5.850,-22.800,34.5
15:28:44.937,1724198,9.574,3.780,0.941,-0.056,-0.114,0.080,-52.350,-2.400,-26.100,34.8
15:28:44.998,1724252,8.447,3.929,1.415,0.104,-0.091,0.167,-52.350,-2.400,-26.100,34.9
15:28:45.058,1724306,9.206,3.618,0.273,0.282,-0.128,0.226,-49.500,-3.000,-26.250,34.8
15:28:45.116,1724360,8.569,3.958,0.800,0.080,-0.186,0.285,-49.500,-3.000,-26.250,34.8
15:28:45.176,1724414,9.907,3.888,0.565,0.045,-0.260,0.294,-48.750,-4.950,-27.000,34.9
15:28:45.238,1724468,9.184,3.953,0.776,-0.038,-0.201,0.242,-47.850,-6.300,-25.350,34.8
15:28:45.297,1724522,9.869,3.294,0.285,-0.041,-0.152,0.146,-47.850,-6.300,-25.350,34.9
15:28:45.356,1724576,9.694,3.603,0.302,0.005,-0.041,0.076,-47.850,-6.300,-25.350,34.4
15:28:45.416,1724630,9.665,3.021,0.002,0.201,0.042,0.082,-47.850,-6.300,-25.350,34.8
15:28:45.417,1724684,9.160,3.184,0.335,0.211,0.058,0.059,-47.850,-6.300,-25.350,34.9
15:28:45.478,1724738,9.244,3.443,0.283,-0.002,-0.048,0.040,-47.850,-6.300,-25.350,35.0
15:28:45.538,1724792,9.285,3.828,0.354,-0.147,-0.070,0.014,-45.450,-8.100,-25.950,34.6
15:28:45.598,1724846,10.621,3.029,0.091,-0.032,0.034,0.030,-45.450,-8.100,-25.950,34.7
15:28:45.658,1724900,11.715,3.194,-0.180,0.185,0.102,-0.049,-45.000,-8.850,-27.300,34.8
15:28:45.717,1724954,11.092,3.572,0.153,0.155,0.383,-0.520,-45.000,-8.850,-27.300,34.7
15:28:45.778,1725008,11.700,4.518,0.280,-0.059,0.476,-0.673,-47.700,-6.150,-26.250,34.8
15:28:45.836,1725062,10.288,3.934,0.541,0.048,0.506,-0.680,-53.400,-1.650,-24.600,34.9
15:28:45.896,1725116,9.383,4.906,1.420,0.056,0.328,-0.626,-53.400,-1.650,-24.600,34.7
15:28:45.956,1725170,9.177,4.422,0.955,-0.030,0.175,-0.369,-53.400,-1.650,-24.600,35.0
15:28:45.957,1725224,8.229,4.855,1.231,-0.396,-0.169,-0.258,-53.400,-1.650,-24.600,34.8
15:28:46.016,1725278,8.935,5.262,1.949,-0.425,-0.216,-0.084,-59.250,6.150,-22.650,35.0
15:28:46.076,1725332,9.261,5.444,2.004,-0.068,-0.326,-0.021,-59.250,6.150,-22.650,34.8
15:28:46.136,1725386,8.346,6.098,1.707,-0.034,-0.358,0.169,-58.050,10.350,-25.500,34.8
15:28:46.196,1725440,8.052,5.229,1.630,-0.184,-0.297,0.179,-58.050,10.350,-25.500,34.9
15:28:46.256,1725494,8.052,4.946,1.389,-0.108,-0.203,0.168,-58.500,12.300,-26.250,34.8
15:28:46.316,1725548,7.824,4.992,1.077,0.228,-0.199,0.288,-58.500,12.300,-26.250,34.7
15:28:46.376,1725602,7.578,4.178,0.792,0.396,-0.315,0.497,-58.050,12.750,-25.950,34.8
15:28:46.436,1725656,6.452,4.563,1.044,-0.111,-0.662,0.677,-58.050,12.750,-25.950,34.9
15:28:46.496,1725710,6.397,3.903,-0.512,-0.404,-0.415,0.648,-58.050,12.750,-25.950,35.0
15:28:46.497,1725764,6.586,3.891,-0.347,-0.254,-0.216,0.448,-56.550,8.100,-29.850,34.8
15:28:46.556,1725818,6.706,2.224,-1.231,0.316,-0.262,0.346,-56.550,8.100,-29.850,34.8
15:28:46.616,1725872,7.537,3.230,-1.767,0.462,0.072,0.165,-55.200,6.750,-31.950,35.0
15:28:46.676,1725926,7.884,4.187,-0.002,0.172,0.084,0.067,-55.200,6.750,-31.950,34.7
15:28:46.736,1725980,9.433,2.907,0.472,0.000,-0.156,-0.076,-57.300,6.150,-29.550,34.7
15:28:46.796,1726034,8.545,2.751,0.029,-0.063,-0.122,-0.171,-57.300,6.150,-29.550,34.5
15:28:46.856,1726088,10.084,3.225,-0.915,-0.274,0.062,-0.059,-57.000,6.150,-31.800,34.7
15:28:46.916,1726142,9.275,3.515,-0.232,0.103,0.018,0.041,-57.000,6.150,-31.800,34.8
15:28:46.977,1726196,9.412,2.528,-1.125,0.259,0.124,0.013,-57.000,6.150,-31.800,34.8
15:28:47.036,1726250,9.613,3.067,-1.331,-0.058,0.185,0.058,-57.000,6.150,-31.800,34.7
15:28:47.037,1726304,8.305,4.190,-0.268,0.120,0.258,0.064,-56.700,6.750,-30.450,34.8
15:28:47.096,1726358,7.025,2.298,-1.116,0.137,0.371,-0.215,-56.400,2.850,-29.700,34.7
15:28:47.156,1726412,6.105,2.356,0.486,0.237,0.335,-0.321,-56.400,2.850,-29.700,35.0
15:28:47.216,1726466,7.168,3.285,-0.711,-0.041,0.331,-0.583,-58.050,5.400,-27.300,34.5
15:28:47.276,1726520,6.460,3.622,0.620,-0.074,0.316,-0.422,-58.050,5.400,-27.300,34.6
15:28:47.336,1726574,8.009,4.037,1.204,0.047,0.590,-0.345,-58.050,8.100,-26.250,35.1
15:28:47.396,1726628,7.614,4.791,1.188,0.214,0.560,-0.358,-58.050,8.100,-26.250,34.9
15:28:47.456,1726682,7.719,4.173,2.073,0.143,0.358,-0.379,-58.050,8.100,-26.250,34.8
15:28:47.516,1726736,8.887,5.959,1.513,-0.073,0.055,-0.144,-58.050,8.100,-26.250,35.0
15:28:47.576,1726790,7.805,4.860,1.815,-0.113,0.012,-0.228,-58.950,8.700,-19.800,34.8
15:28:47.577,1726844,7.616,4.515,1.800,0.047,-0.064,-0.087,-58.950,8.700,-19.800,34.8
15:28:47.636,1726898,10.082,5.270,1.240,0.087,-0.090,0.145,-58.050,9.600,-20.700,35.0
15:28:47.696,1726952,9.270,5.301,1.367,0.067,-0.104,0.161,-56.250,4.500,-22.650,34.8
15:28:47.756,1727006,9.577,5.452,1.128,0.235,0.173,0.189,-56.250,4.500,-22.650,34.8
15:28:47.816,1727060,10.391,4.520,1.010,0.361,0.176,0.261,-53.100,4.050,-21.000,34.7
15:28:47.876,1727114,9.819,5.109,0.795,0.818,0.182,0.196,-53.100,4.050,-21.000,35.0
15:28:47.936,1727168,9.402,4.784,0.759,0.447,0.132,0.089,-53.100,4.050,-21.000,35.0
15:28:47.996,1727222,10.017,5.059,0.395,-0.278,-0.076,0.287,-53.100,4.050,-21.000,34.9
15:28:48.058,1727276,9.359,2.974,0.797,-0.239,-0.173,0.235,-53.250,-2.700,-18.600,34.9
15:28:48.117,1727330,10.111,3.946,0.297,-0.049,-0.139,0.218,-53.250,-2.700,-18.600,35.0
15:28:48.117,1727384,9.330,3.065,0.637,0.139,-0.075,0.117,-51.750,-4.950,-20.400,34.8
15:28:48.177,1727438,9.826,3.278,0.010,0.150,-0.002,0.164,-51.750,-4.950,-20.400,34.8
15:28:48.237,1727492,9.294,3.069,0.529,0.323,-0.043,0.235,-51.900,-7.050,-18.000,34.7
15:28:48.297,1727546,9.665,3.498,0.314,0.164,-0.114,0.261,-51.900,-7.050,-18.000,34.9
15:28:48.356,1727600,9.369,3.565,0.634,-0.104,-0.147,0.215,-48.300,-7.650,-18.600,34.8
15:28:48.416,1727654,9.282,2.851,0.505,-0.056,-0.118,0.185,-48.750,-8.850,-18.900,34.8
15:28:48.476,1727708,9.057,3.151,0.206,0.008,-0.131,0.146,-48.750,-8.850,-18.900,34.8
15:28:48.536,1727762,9.270,2.820,0.436,0.131,-0.054,0.159,-48.750,-8.850,-18.900,34.9
15:28:48.596,1727816,9.622,3.182,0.043,-0.035,-0.113,0.139,-48.750,-8.850,-18.900,34.7
15:28:48.656,1727870,9.637,3.223,0.383,-0.060,0.004,0.032,-47.100,-10.500,-20.250,34.8
15:28:48.657,1727924,10.271,3.508,0.180,-0.159,-0.006,-0.156,-47.100,-10.500,-20.250,34.6
15:28:48.716,1727978,10.855,3.986,0.510,-0.611,0.149,-0.533,-46.950,-9.600,-20.700,34.8
15:28:48.776,1728032,11.507,2.538,0.096,-0.357,0.384,-0.840,-46.950,-9.600,-20.700,34.8
15:28:48.837,1728086,10.424,3.859,0.795,-0.131,0.339,-0.734,-49.500,-4.500,-19.650,35.0
15:28:48.896,1728140,9.969,3.644,0.783,-0.159,0.244,-0.600,-49.500,-4.500,-19.650,34.8
15:28:48.956,1728194,10.539,4.401,1.173,-0.347,0.068,-0.567,-54.300,0.000,-19.350,34.8
15:28:49.016,1728248,9.170,4.987,1.293,-0.437,0.064,-0.594,-54.300,0.000,-19.350,34.7
15:28:49.076,1728302,8.863,4.424,1.015,-0.278,0.059,-0.432,-54.300,0.000,-19.350,34.7
15:28:49.136,1728356,8.701,5.559,1.638,-0.002,0.059,-0.260,-58.800,9.150,-21.150,34.4
15:28:49.196,1728410,8.102,5.839,1.504,0.072,-0.102,-0.157,-58.800,9.150,-21.150,34.7
15:28:49.197,1728464,8.305,6.464,1.501,-0.133,-0.167,-0.075,-60.300,11.850,-20.100,35.1
15:28:49.256,1728518,7.312,6.081,1.788,-0.068,-0.231,-0.010,-60.300,11.850,-20.100,34.7
15:28:49.316,1728572,7.087,5.492,1.417,-0.012,-0.340,0.167,-59.850,14.250,-21.150,34.8
15:28:49.376,1728626,6.531,4.506,1.508,-0.092,-0.495,0.216,-59.850,14.250,-21.150,34.8
15:28:49.437,1728680,6.211,4.997,1.573,-0.099,-0.681,0.210,-59.700,14.400,-22.350,34.9
15:28:49.496,1728734,6.800,4.851,1.118,-0.131,-0.538,0.108,-59.700,14.400,-22.350,34.8
15:28:49.556,1728788,6.742,3.898,0.939,0.009,-0.511,0.219,-59.700,14.400,-22.350,34.8
15:28:49.616,1728842,7.336,3.534,0.524,-0.043,-0.114,0.170,-58.650,13.650,-29.400,34.7
15:28:49.677,1728896,6.938,4.539,-0.225,-0.090,-0.269,0.270,-58.650,13.650,-29.400,34.7
15:28:49.737,1728950,7.266,3.905,-0.072,-0.084,0.093,0.052,-57.300,12.750,-29.850,35.0
15:28:49.737,1729004,7.034,4.082,-0.895,0.024,0.227,-0.114,-57.300,12.750,-29.850,34.7
15:28:49.798,1729058,7.748,3.598,0.002,0.271,0.138,-0.206,-58.050,14.250,-28.800,34.8
15:28:49.858,1729112,9.050,5.593,0.429,0.122,-0.046,-0.095,-58.050,14.250,-28.800,34.8
15:28:49.917,1729166,9.364,5.066,0.345,0.046,0.113,-0.036,-57.900,12.450,-27.150,35.0
15:28:49.978,1729220,8.765,4.238,-0.486,-0.007,0.175,-0.048,-57.900,12.450,-27.150,34.9
15:28:50.036,1729274,8.373,5.430,0.266,0.063,0.118,-0.036,-57.450,13.200,-28.200,35.1
15:28:50.098,1729328,8.392,4.319,0.795,0.494,0.185,-0.038,-57.450,13.200,-28.200,34.7
15:28:50.158,1729382,7.999,5.327,0.045,0.128,0.106,-0.024,-57.450,13.200,-28.200,34.4
15:28:50.216,1729436,7.197,4.594,0.417,-0.133,0.103,0.002,-57.450,13.200,-28.200,34.9
15:28:50.277,1729490,6.127,4.240,0.199,0.000,0.266,-0.238,-58.650,14.400,-24.900,34.8
15:28:50.277,1729544,5.964,4.463,0.575,0.354,0.226,-0.324,-59.400,14.850,-23.550,34.9
15:28:50.337,1729598,6.613,4.044,0.491,0.261,0.398,-0.345,-59.400,14.850,-23.550,34.9
15:28:50.398,1729652,6.591,5.028,0.831,0.005,0.344,-0.178,-61.650,14.400,-23.550,34.8
15:28:50.458,1729706,7.599,4.738,1.144,-0.097,0.418,-0.089,-61.650,14.400,-23.550,35.0
15:28:50.516,1729760,8.250,5.567,1.369,-0.228,0.185,0.014,-59.250,15.750,-21.900,34.7
15:28:50.637,1729814,7.163,4.810,1.463,-0.183,0.062,0.013,-59.250,15.750,-21.900,34.7
15:28:50.638,1729868,8.540,5.488,1.767,-0.115,0.092,0.098,-59.250,15.750,-21.900,34.5
15:28:50.698,1729922,8.016,5.818,1.616,0.318,0.046,0.059,-59.250,15.750,-21.900,34.9
15:28:50.757,1729976,7.901,5.385,1.058,0.092,-0.064,0.087,-59.550,13.500,-21.450,35.1
15:28:50.818,1730030,8.023,5.119,1.305,-0.327,-0.124,0.191,-59.550,13.500,-21.450,34.9
15:28:50.819,1730084,9.057,6.017,1.583,-0.226,-0.177,0.220,-59.850,9.600,-21.150,34.8
15:28:50.878,1730138,9.285,5.009,1.532,-0.124,-0.242,0.189,-58.800,7.650,-22.650,34.9
15:28:50.936,1730192,9.009,5.152,0.960,-0.092,-0.211,0.238,-58.800,7.650,-22.650,35.0
15:28:50.998,1730246,9.998,5.112,1.173,-0.224,-0.182,0.251,-56.550,4.200,-24.750,35.0
15:28:51.056,1730300,9.055,5.188,0.941,-0.115,-0.121,0.187,-56.550,4.200,-24.750,34.6
15:28:51.118,1730354,9.167,4.978,1.180,0.191,-0.041,0.255,-53.250,3.000,-25.200,34.5
15:28:51.178,1730408,9.043,4.374,0.699,0.133,-0.249,0.337,-53.250,3.000,-25.200,34.8
15:28:51.237,1730462,9.553,4.441,0.306,-0.018,-0.203,0.333,-53.250,3.000,-25.200,34.8
15:28:51.297,1730516,9.184,3.893,1.094,-0.099,-0.197,0.237,-53.250,3.000,-25.200,34.8
15:28:51.358,1730570,9.495,3.862,0.208,0.031,-0.151,0.191,-51.150,-2.400,-26.850,34.8
15:28:51.360,1730624,9.407,3.294,0.393,0.069,-0.094,0.135,-51.150,-2.400,-26.850,34.6
15:28:51.416,1730678,9.383,3.761,0.615,-0.003,-0.093,0.150,-50.400,-3.150,-27.150,34.8
15:28:51.477,1730732,9.543,3.783,0.397,0.100,-0.052,0.168,-50.400,-3.150,-27.150,34.8
15:28:51.536,1730786,9.574,3.084,0.488,-0.034,-0.059,0.134,-47.400,-3.600,-28.200,34.7
15:28:51.596,1730840,9.407,3.385,0.302,0.045,0.022,0.115,-48.600,-5.850,-28.950,34.7
15:28:51.716,1730894,9.392,3.239,0.757,0.041,-0.003,0.151,-48.600,-5.850,-28.950,34.8
15:28:51.717,1730948,9.146,3.314,0.156,0.055,-0.002,0.141,-48.600,-5.850,-28.950,34.8
15:28:51.776,1731002,9.316,3.031,0.292,0.002,-0.026,0.105,-48.600,-5.850,-28.950,34.8
15:28:51.836,1731056,9.187,3.479,0.342,-0.033,-0.003,0.084,-47.250,-7.200,-28.800,34.9
15:28:51.896,1731110,9.036,3.077,0.129,0.030,-0.020,0.038,-47.250,-7.200,-28.800,34.9
15:28:51.897,1731164,9.112,3.323,0.156,0.020,-0.025,-0.005,-46.950,-6.900,-28.500,34.8
15:28:51.956,1731218,9.629,3.364,0.050,0.045,-0.012,-0.022,-46.950,-6.900,-28.500,34.5
15:28:52.016,1731272,10.556,3.517,0.081,0.021,-0.008,-0.128,-46.200,-6.450,-28.050,34.6
15:28:52.076,1731326,11.150,3.311,-0.113,-0.030,0.198,-0.393,-46.200,-6.450,-28.050,34.8
15:28:52.136,1731380,11.449,3.139,0.323,-0.126,0.339,-0.555,-48.150,-6.300,-27.600,34.8
15:28:52.256,1731434,11.207,4.152,0.247,-0.126,0.362,-0.628,-48.150,-6.300,-27.600,34.7
15:28:52.257,1731488,10.922,4.010,0.888,-0.198,0.367,-0.751,-48.150,-6.300,-27.600,34.8
15:28:52.316,1731542,10.353,4.939,0.977,-0.237,0.227,-0.672,-55.950,3.150,-24.600,34.8
15:28:52.376,1731596,9.005,5.320,0.962,-0.077,0.126,-0.605,-55.950,3.150,-24.600,34.6
15:28:52.437,1731650,8.418,4.168,1.417,-0.142,-0.126,-0.475,-59.250,9.150,-23.400,34.8
15:28:52.437,1731704,8.224,5.854,1.961,-0.226,-0.229,-0.372,-59.250,9.150,-23.400,34.8
15:28:52.498,1731758,7.597,5.298,1.812,-0.231,-0.334,-0.207,-58.500,13.500,-27.000,34.7
15:28:52.556,1731812,8.241,5.952,1.607,-0.339,-0.187,-0.067,-58.500,13.500,-27.000,34.8
15:28:52.616,1731866,7.415,5.138,1.707,-0.114,-0.177,0.016,-58.200,14.100,-27.150,34.5
15:28:52.678,1731920,6.699,4.642,1.068,-0.063,-0.028,0.185,-58.200,14.100,-27.150,34.9
15:28:52.738,1731974,7.417,5.851,1.915,0.104,0.048,0.320,-59.400,17.100,-27.150,34.7
15:28:52.797,1732028,6.057,4.633,1.159,0.318,0.163,0.362,-59.400,17.100,-27.150,34.8
15:28:52.858,1732082,7.092,4.659,1.199,-0.039,0.022,0.312,-59.400,17.100,-27.150,34.8
15:28:52.918,1732136,6.646,4.247,0.800,-0.136,0.014,0.165,-61.050,16.950,-25.950,34.6
15:28:52.977,1732190,8.399,5.148,1.968,-0.392,-0.131,0.158,-61.050,16.950,-25.950,34.7
15:28:52.977,1732244,6.227,5.799,2.102,-0.725,-0.432,0.216,-60.150,15.150,-27.150,34.7
15:28:53.037,1732298,7.736,3.443,0.409,-0.439,0.080,-0.045,-60.150,15.150,-27.150,35.0
15:28:53.096,1732352,7.963,4.769,1.099,-0.665,-0.181,-0.049,-59.400,16.800,-27.600,34.8
15:28:53.157,1732406,7.496,2.354,1.784,-0.541,-0.132,0.000,-59.400,16.800,-27.600,35.2
15:28:53.218,1732460,8.543,5.207,1.652,-0.211,-0.029,0.023,-60.900,17.550,-28.650,34.8
15:28:53.276,1732514,9.033,2.871,0.910,-0.158,0.005,0.090,-60.900,17.550,-28.650,34.7
15:28:53.337,1732568,7.879,4.436,1.750,-0.185,-0.048,0.134,-60.900,17.550,-28.650,34.9
15:28:53.398,1732622,8.217,5.669,2.121,0.443,0.109,0.021,-60.900,17.550,-28.650,34.8
15:28:53.458,1732676,8.724,3.342,0.651,0.157,0.072,0.037,-58.950,17.850,-27.600,34.7
15:28:53.518,1732730,7.652,4.518,2.152,0.083,-0.068,-0.032,-58.950,17.850,-30.150,34.5
15:28:53.518,1732784,7.966,3.512,0.251,0.180,0.038,-0.076,-58.950,17.850,-30.150,34.9
15:28:53.576,1732838,6.821,4.472,1.006,-0.016,0.089,-0.042,-60.450,18.750,-27.900,34.8
15:28:53.636,1732892,5.504,3.285,0.848,0.363,0.208,-0.120,-60.450,18.750,-27.900,34.6
15:28:53.698,1732946,6.924,2.356,0.694,0.441,0.299,-0.244,-58.800,16.200,-28.050,34.8
15:28:53.758,1733000,5.569,5.016,2.650,0.462,0.214,-0.243,-58.800,16.200,-28.050,34.8
15:28:53.817,1733054,7.336,3.685,1.640,0.844,0.179,-0.074,-58.800,16.200,-28.050,34.7
15:28:53.878,1733108,8.243,4.300,1.539,0.676,0.068,0.020,-58.800,16.200,-28.050,34.8
15:28:53.938,1733162,7.748,4.769,1.551,0.765,0.134,0.144,-57.450,14.400,-26.100,34.5
15:28:53.997,1733216,9.038,6.766,2.176,0.263,0.068,0.187,-57.450,14.400,-26.100,34.7
15:28:54.116,1733270,10.044,6.132,0.843,0.636,0.108,0.124,-58.650,12.150,-24.600,34.5
15:28:54.117,1733324,8.554,3.771,1.650,0.355,0.064,0.225,-56.400,7.800,-24.900,34.8
15:28:54.118,1733378,10.183,6.440,0.314,0.750,0.156,0.209,-56.400,7.800,-24.900,34.8
15:28:54.176,1733432,8.212,4.343,1.808,0.689,0.060,0.143,-55.800,4.500,-23.400,35.0
15:28:54.238,1733486,9.292,4.590,0.711,0.251,0.077,0.140,-55.800,4.500,-23.400,34.8
15:28:54.299,1733540,9.155,4.159,1.322,0.278,-0.015,0.256,-55.800,4.500,-23.400,35.0
15:28:54.358,1733594,10.228,4.647,0.376,0.449,0.006,0.218,-55.800,4.500,-23.400,34.9
15:28:54.418,1733648,8.509,4.666,1.063,0.241,-0.122,0.172,-54.300,-1.500,-20.100,34.6
15:28:54.478,1733702,9.629,4.216,0.165,0.052,-0.087,0.172,-54.300,-1.500,-20.100,34.8
15:28:54.538,1733756,9.510,3.505,0.481,0.061,-0.159,0.233,-53.250,-4.950,-21.450,34.8
15:28:54.596,1733810,8.887,4.061,0.498,0.031,-0.126,0.395,-53.250,-4.950,-21.450,34.7
15:28:54.656,1733864,9.713,3.670,-0.007,0.142,-0.149,0.270,-50.550,-4.950,-20.100,34.7
15:28:54.657,1733918,9.905,3.457,0.182,0.083,-0.094,0.195,-49.650,-8.700,-20.550,34.7
15:28:54.778,1733972,9.579,3.005,-0.022,0.096,-0.117,0.163,-49.650,-8.700,-20.550,34.8
15:28:54.780,1734026,9.907,2.480,0.067,0.146,-0.019,0.176,-49.650,-8.700,-20.550,34.9
15:28:54.837,1734080,8.866,3.132,0.239,0.106,-0.114,0.224,-49.650,-8.700,-20.550,35.0
15:28:54.898,1734134,9.436,3.031,0.302,0.001,-0.095,0.169,-46.650,-10.500,-20.250,34.8
15:28:54.959,1734188,9.680,3.314,-0.656,-0.232,-0.195,0.201,-46.650,-10.500,-20.250,34.7
15:28:55.018,1734242,9.426,3.237,0.443,-0.103,-0.116,0.145,-45.900,-11.400,-22.050,34.6
15:28:55.077,1734296,9.807,2.219,-0.424,0.167,-0.013,0.025,-45.900,-11.400,-22.050,34.8
15:28:55.136,1734350,9.373,3.136,-0.596,0.111,-0.018,0.067,-46.650,-12.450,-21.750,34.8
15:28:55.137,1734404,9.321,2.799,-0.007,0.044,-0.025,0.041,-46.650,-12.450,-21.750,34.7
15:28:55.196,1734458,9.261,2.823,-0.438,-0.058,-0.082,0.071,-45.000,-10.800,-22.650,34.7
15:28:55.258,1734512,9.163,3.153,-0.373,-0.062,-0.079,0.034,-45.000,-10.800,-22.650,34.6
15:28:55.319,1734566,9.275,2.761,-0.129,0.059,-0.040,0.013,-45.000,-10.800,-22.650,34.9
15:28:55.377,1734620,9.957,2.650,-0.476,-0.066,-0.112,0.003,-44.700,-13.050,-21.900,34.6
15:28:55.438,1734674,10.575,2.964,-0.364,-0.127,-0.046,-0.166,-44.700,-13.050,-21.900,34.8
15:28:55.498,1734728,11.423,1.250,-1.104,-0.164,0.114,-0.369,-44.250,-11.100,-23.400,34.9
15:28:55.558,1734782,11.064,3.725,0.134,-0.696,0.059,-0.458,-44.250,-11.100,-23.400,34.8
15:28:55.676,1734836,11.861,3.100,-0.769,-0.600,0.298,-0.933,-48.900,-10.200,-24.600,34.7
15:28:55.677,1734890,11.145,4.417,0.098,-0.682,0.373,-0.986,-48.900,-10.200,-24.600,34.8
15:28:55.678,1734944,10.396,4.503,0.735,-0.295,0.463,-0.882,-53.700,-2.850,-27.150,35.0
15:28:55.738,1734998,9.282,5.373,0.675,-0.163,0.403,-0.744,-53.700,-2.850,-27.150,34.9
15:28:55.798,1735052,8.780,5.205,1.817,-0.305,0.212,-0.564,-56.250,6.150,-25.200,34.7
15:28:55.857,1735106,7.719,5.442,1.369,-0.590,-0.045,-0.502,-56.250,6.150,-25.200,34.6
15:28:55.917,1735160,8.796,6.507,1.865,-0.695,-0.181,-0.419,-56.250,6.150,-25.200,34.8
15:28:55.977,1735214,6.732,5.696,1.659,-0.722,-0.290,-0.362,-61.050,15.000,-25.200,34.8
15:28:56.036,1735268,6.814,5.284,1.475,-0.642,-0.354,-0.185,-61.050,15.000,-25.200,34.9
15:28:56.096,1735322,5.942,5.476,1.908,-0.336,-0.363,-0.060,-60.600,20.400,-25.500,34.9
15:28:56.159,1735376,7.223,5.538,1.355,-0.131,-0.159,0.095,-60.600,20.400,-25.500,34.8
15:28:56.217,1735430,6.457,5.397,1.987,0.104,-0.193,0.245,-59.700,22.500,-27.600,34.8
15:28:56.217,1735484,5.883,5.624,1.358,-0.122,-0.159,0.240,-59.700,22.500,-27.600,35.0
15:28:56.276,1735538,5.677,5.303,1.666,-0.223,-0.236,0.165,-59.850,20.850,-25.950,34.7
15:28:56.338,1735592,6.472,4.360,1.377,-0.226,-0.321,0.051,-59.850,20.850,-25.950,34.6
15:28:56.396,1735646,6.716,4.820,0.474,-0.144,-0.214,0.038,-59.850,20.850,-25.950,34.6
15:28:56.458,1735700,8.030,5.109,1.164,0.044,0.028,0.015,-59.850,20.850,-25.950,34.8
15:28:56.578,1735754,7.207,5.322,0.781,0.330,-0.283,0.068,-58.650,21.450,-30.450,34.8
15:28:56.580,1735808,6.603,5.681,1.652,0.170,-0.137,-0.055,-59.550,21.150,-30.600,34.8
15:28:56.638,1735862,8.384,5.593,1.341,-0.016,-0.099,-0.071,-59.550,21.150,-30.600,34.9
15:28:56.696,1735916,7.846,4.944,1.602,0.181,-0.035,-0.047,-58.800,21.900,-30.600,34.8
15:28:56.757,1735970,8.538,4.970,0.831,0.106,-0.006,0.013,-58.800,21.900,-30.600,34.8
15:28:56.758,1736024,8.080,5.224,1.113,0.095,0.081,0.141,-58.950,20.550,-30.750,34.8
15:28:56.818,1736078,7.228,5.617,1.025,0.110,0.095,0.060,-58.950,20.550,-30.750,34.6
15:28:56.878,1736132,6.900,5.167,0.409,0.062,0.274,-0.038,-58.950,20.550,-30.750,34.8
15:28:56.938,1736186,5.959,4.049,1.125,0.288,0.308,-0.190,-58.950,20.550,-30.750,35.0
15:28:56.997,1736240,6.314,4.788,0.378,0.237,0.400,-0.322,-59.250,20.850,-29.550,34.8
15:28:57.056,1736294,6.634,4.779,2.016,0.403,0.438,-0.174,-59.250,20.850,-29.550,34.8
15:28:57.118,1736348,7.348,5.248,0.338,0.182,0.397,-0.211,-60.150,21.000,-28.650,34.8
15:28:57.178,1736402,7.484,6.328,2.088,0.103,0.426,-0.036,-60.150,21.000,-28.650,34.8
15:28:57.236,1736456,7.149,6.395,1.544,0.235,0.449,-0.152,-60.600,18.900,-24.450,35.0
15:28:57.298,1736510,7.819,6.163,1.595,0.317,0.404,-0.030,-60.450,20.250,-24.300,34.7
15:28:57.358,1736564,7.989,6.723,1.791,0.289,0.338,-0.032,-60.450,20.250,-24.300,34.6
15:28:57.360,1736618,7.829,6.797,1.939,0.130,0.159,0.063,-60.450,20.250,-24.300,34.7
15:28:57.417,1736672,7.302,5.389,2.674,0.088,-0.009,0.119,-60.450,20.250,-24.300,35.0
15:28:57.478,1736726,8.796,5.799,1.386,0.178,0.029,0.245,-59.250,15.750,-22.200,34.9
15:28:57.538,1736780,8.399,6.689,1.499,0.238,-0.032,0.229,-59.250,15.750,-22.200,34.8
15:28:57.598,1736834,8.133,5.933,1.154,0.140,0.070,0.218,-58.650,13.200,-21.300,34.7
15:28:57.658,1736888,8.049,5.418,1.686,0.224,0.066,0.286,-58.650,13.200,-21.300,35.1
15:28:57.718,1736942,7.578,5.409,1.286,0.431,0.089,0.353,-58.050,8.100,-19.650,34.8
15:28:57.776,1736996,9.670,5.614,1.013,0.537,-0.058,0.232,-58.050,8.100,-19.650,34.7
15:28:57.898,1737050,8.040,4.681,1.676,0.131,-0.159,0.273,-59.400,4.350,-19.800,35.0
15:28:57.900,1737104,8.950,5.119,0.845,0.124,-0.136,0.396,-59.400,4.350,-19.800,34.7
15:28:57.903,1737158,8.258,4.053,1.173,0.098,-0.169,0.481,-59.400,4.350,-19.800,34.8
15:28:57.957,1737212,9.014,5.207,0.814,0.302,-0.141,0.466,-54.150,0.150,-21.300,35.0
15:28:58.018,1737266,9.158,4.300,0.804,0.130,-0.255,0.425,-54.150,0.150,-21.300,35.0
15:28:58.077,1737320,9.110,5.547,0.658,-0.079,-0.257,0.381,-52.050,-2.250,-21.150,34.8
15:28:58.137,1737374,9.213,3.469,0.642,-0.124,-0.040,0.161,-52.050,-2.250,-21.150,34.8
15:28:58.197,1737428,9.045,4.262,0.508,0.013,0.002,0.126,-51.150,-4.050,-21.000,34.7
15:28:58.259,1737482,9.000,3.907,0.632,0.226,0.045,0.134,-51.150,-4.050,-21.000,34.7
15:28:58.316,1737536,9.249,4.190,0.761,0.092,-0.051,0.199,-48.750,-5.700,-22.650,34.7
15:28:58.376,1737590,9.364,3.962,0.031,0.331,0.024,0.042,-48.750,-5.700,-22.650,35.0
15:28:58.377,1737644,9.222,3.785,0.757,0.005,-0.047,0.077,-49.050,-6.450,-21.150,34.8
15:28:58.437,1737698,9.043,3.934,-0.127,-0.057,-0.097,0.121,-49.050,-6.450,-21.150,34.8
15:28:58.496,1737752,9.565,3.673,0.208,-0.188,-0.069,0.047,-49.050,-6.450,-21.150,34.9
15:28:58.557,1737806,9.500,3.701,-0.108,-0.019,-0.005,0.014,-48.600,-7.500,-21.000,34.8
15:28:58.617,1737860,9.191,3.529,0.211,0.064,-0.051,0.038,-48.600,-7.500,-21.000,34.8
15:28:58.679,1737914,9.146,3.601,-0.110,0.144,-0.043,-0.027,-47.400,-9.750,-22.050,34.8
15:28:58.738,1737968,8.832,3.433,0.464,0.087,-0.108,0.018,-47.400,-9.750,-22.050,34.6
15:28:58.796,1738022,8.906,3.673,0.153,0.108,-0.051,-0.019,-49.350,-10.500,-22.050,34.6
15:28:58.857,1738076,8.916,3.338,0.225,0.055,-0.082,0.016,-49.350,-10.500,-22.050,34.9
15:28:58.918,1738130,8.969,3.598,0.414,0.014,-0.079,0.056,-49.050,-9.600,-20.400,34.6
15:28:58.920,1738184,9.297,3.761,0.022,0.131,-0.033,-0.001,-49.050,-9.600,-20.400,34.7
15:28:58.978,1738238,9.919,3.627,0.184,0.003,-0.051,-0.109,-49.050,-9.600,-20.400,34.7
15:28:59.039,1738292,9.929,3.476,-0.376,-0.047,0.073,-0.212,-49.050,-9.600,-20.400,34.7
15:28:59.098,1738346,10.491,3.079,0.172,-0.343,0.064,-0.379,-47.100,-10.200,-22.800,35.0
15:28:59.157,1738400,10.245,4.111,0.376,-0.595,0.073,-0.464,-50.250,-6.900,-21.450,34.6
15:28:59.219,1738454,10.080,3.615,-0.108,-0.653,0.150,-0.660,-50.250,-6.900,-21.450,34.7
15:28:59.278,1738508,10.135,5.236,0.582,-0.636,0.153,-0.676,-53.550,-3.750,-25.200,35.0
15:28:59.336,1738562,9.922,4.973,0.505,-0.218,0.357,-0.865,-53.550,-3.750,-25.200,35.0
15:28:59.396,1738616,9.507,4.843,1.034,-0.118,0.339,-0.739,-57.300,3.000,-23.700,34.6
15:28:59.456,1738670,8.600,6.237,1.228,-0.106,0.282,-0.564,-57.300,3.000,-23.700,34.6
15:28:59.457,1738724,8.686,6.345,1.326,-0.095,0.110,-0.530,-57.300,3.000,-23.700,34.9
15:28:59.516,1738778,8.009,6.433,1.743,-0.380,-0.085,-0.435,-57.300,3.000,-23.700,34.8
15:28:59.577,1738832,7.053,6.088,1.836,-0.481,-0.219,-0.311,-61.650,14.100,-21.300,34.8
15:28:59.637,1738886,6.172,5.909,2.121,-0.440,-0.351,-0.172,-61.650,14.100,-21.300,34.6
15:28:59.698,1738940,6.426,6.038,1.489,-0.249,-0.391,-0.071,-61.050,20.400,-22.950,34.4
15:28:59.758,1738994,6.261,5.765,1.834,-0.253,-0.479,-0.001,-60.300,22.800,-25.500,34.8
15:28:59.817,1739048,6.349,6.213,1.537,-0.251,-0.455,0.097,-60.300,22.800,-25.500,34.8
15:28:59.876,1739102,6.493,5.186,1.168,-0.300,-0.294,0.156,-61.050,23.850,-28.050,34.8
15:28:59.939,1739156,6.816,6.127,1.343,-0.281,-0.220,0.317,-61.050,23.850,-28.050,35.0
15:28:59.997,1739210,6.627,5.916,1.125,-0.221,-0.087,0.325,-61.050,23.850,-28.050,35.0
15:28:59.998,1739264,7.056,4.970,1.654,0.054,-0.271,0.320,-61.050,23.850,-28.050,34.8
15:29:00.057,1739318,6.752,5.839,0.725,-0.229,-0.405,0.475,-60.450,22.950,-28.650,34.8
15:29:00.118,1739372,6.225,5.047,1.073,-0.317,-0.146,0.229,-60.450,22.950,-28.650,34.7
15:29:00.178,1739426,6.026,4.350,0.838,-0.039,-0.153,-0.065,-59.850,20.400,-30.300,34.6
15:29:00.238,1739480,7.858,5.104,1.070,0.002,-0.123,-0.196,-59.850,20.400,-30.300,34.8
15:29:00.298,1739534,8.191,6.206,1.307,-0.171,0.009,-0.033,-59.250,22.350,-31.350,34.9
15:29:00.357,1739588,7.360,5.478,0.840,-0.120,0.191,-0.007,-59.250,22.350,-31.350,35.0
15:29:00.417,1739642,7.985,5.856,1.549,0.077,0.151,0.045,-60.450,22.200,-30.750,34.7
15:29:00.478,1739696,8.030,6.072,1.669,0.257,0.097,0.030,-60.450,22.200,-30.750,34.8
15:29:00.537,1739750,7.836,5.037,0.687,-0.063,0.074,0.011,-60.450,22.200,-30.750,34.9
15:29:00.539,1739804,8.408,5.516,1.334,-0.166,-0.002,-0.038,-60.900,22.500,-30.450,34.9
15:29:00.597,1739858,6.989,4.975,1.640,0.123,0.060,-0.073,-60.900,22.500,-30.450,34.8
15:29:00.657,1739912,6.859,5.377,0.855,0.256,0.192,-0.127,-60.600,22.800,-27.750,34.8
15:29:00.718,1739966,6.397,5.794,1.535,0.269,0.312,-0.140,-60.600,22.800,-27.750,34.9
15:29:00.776,1740020,6.589,5.406,0.984,0.305,0.367,-0.219,-60.900,22.200,-28.650,35.0
15:29:00.836,1740074,5.813,4.913,1.408,0.369,0.302,-0.322,-60.900,22.200,-28.650,34.8
15:29:00.896,1740128,6.050,4.056,1.032,0.260,0.352,-0.224,-62.550,21.900,-26.550,34.8
15:29:00.959,1740182,6.608,6.354,1.650,0.133,0.348,-0.069,-62.550,21.900,-26.550,34.7
15:29:01.016,1740236,6.874,6.402,2.131,0.201,0.262,0.031,-62.550,21.900,-26.550,34.9
15:29:01.078,1740290,7.276,5.696,1.726,0.207,0.070,-0.012,-62.400,19.800,-22.800,34.7
15:29:01.078,1740344,7.628,7.221,1.767,0.300,-0.037,0.197,-62.400,19.800,-22.800,34.7
15:29:01.138,1740398,7.599,6.646,1.401,0.215,-0.115,0.194,-61.050,17.700,-22.950,34.9
15:29:01.196,1740452,8.061,6.105,0.972,0.335,0.048,0.366,-61.050,17.700,-22.950,34.9
15:29:01.257,1740506,8.674,5.748,1.695,0.506,0.080,0.319,-59.550,12.750,-24.000,34.8
15:29:01.318,1740560,7.230,5.794,1.231,0.423,0.010,0.452,-59.550,12.750,-24.000,34.7
15:29:01.376,1740614,8.756,6.009,1.444,0.091,-0.145,0.464,-57.300,8.400,-22.950,34.8
15:29:01.436,1740668,9.689,5.461,0.321,0.008,-0.212,0.515,-57.300,8.400,-22.950,34.8
15:29:01.499,1740722,9.440,4.621,0.919,0.227,-0.193,0.466,-57.300,8.400,-22.950,34.8
15:29:01.559,1740776,9.649,4.621,0.852,0.333,-0.027,0.485,-57.300,8.400,-22.950,34.7
15:29:01.616,1740830,9.115,4.171,0.824,0.232,-0.028,0.445,-55.950,0.150,-23.550,34.6
15:29:01.617,1740884,9.323,4.338,0.309,0.375,0.088,0.376,-53.250,-2.700,-22.950,34.9
15:29:01.676,1740938,8.990,3.567,0.656,0.404,0.039,0.296,-53.250,-2.700,-22.950,34.7
15:29:01.736,1740992,8.739,4.429,0.266,0.232,-0.014,0.247,-52.350,-5.550,-22.050,34.8
15:29:01.796,1741046,8.859,3.984,0.395,-0.069,-0.045,0.238,-52.350,-5.550,-22.050,34.8
15:29:01.856,1741100,9.234,3.862,0.673,-0.057,-0.151,0.186,-51.150,-7.050,-22.350,35.0
15:29:01.917,1741154,9.914,4.085,0.053,-0.053,-0.137,0.166,-51.150,-7.050,-22.350,34.6
15:29:01.976,1741208,9.867,4.039,0.575,-0.361,-0.169,0.144,-51.150,-7.050,-22.350,34.9
15:29:02.036,1741262,9.615,3.831,-0.165,-0.384,-0.115,0.110,-51.150,-7.050,-22.350,34.7
15:29:02.096,1741316,8.825,3.524,0.177,-0.241,-0.059,0.119,-47.700,-9.600,-25.200,34.7
15:29:02.156,1741370,9.151,3.146,-0.417,0.114,-0.001,0.021,-47.700,-9.600,-25.200,34.6
15:29:02.157,1741424,9.254,3.529,-0.069,-0.020,-0.093,0.002,-46.650,-8.250,-24.600,34.9
15:29:02.216,1741478,9.280,3.519,0.134,-0.172,-0.141,0.023,-46.650,-8.250,-24.600,34.7
15:29:02.276,1741532,9.498,3.426,0.029,0.029,-0.040,-0.042,-47.250,-9.150,-24.750,34.8
15:29:02.336,1741586,9.380,3.273,-0.053,0.147,0.031,-0.065,-48.600,-8.700,-26.100,34.9
15:29:02.398,1741640,8.981,3.500,0.158,0.025,-0.073,-0.020,-48.600,-8.700,-26.100,34.8
15:29:02.456,1741694,9.388,3.144,-0.002,-0.128,-0.088,-0.020,-48.600,-8.700,-26.100,35.0
15:29:02.518,1741748,9.790,3.369,0.005,-0.202,-0.076,-0.004,-48.600,-8.700,-26.100,34.8
15:29:02.577,1741802,10.862,3.220,0.024,-0.050,-0.010,0.073,-47.250,-9.600,-26.550,34.7
15:29:02.639,1741856,11.052,3.330,0.010,-0.223,0.122,-0.307,-47.250,-9.600,-26.550,34.9
15:29:02.699,1741910,11.679,4.269,-0.532,-0.467,0.224,-0.439,-48.750,-6.900,-27.750,34.9
15:29:02.699,1741964,9.639,3.649,0.405,-0.424,0.303,-0.859,-48.750,-6.900,-27.750,34.9
15:29:02.759,1742018,11.327,4.547,0.642,-0.314,0.493,-0.925,-52.350,-1.350,-25.350,34.6
15:29:02.818,1742072,9.287,4.456,1.080,0.006,0.481,-0.881,-52.350,-1.350,-25.350,34.7
15:29:02.879,1742126,8.815,6.098,2.258,-0.044,0.298,-0.604,-56.250,4.200,-26.250,34.8
15:29:02.936,1742180,7.712,5.365,1.341,-0.166,0.164,-0.453,-59.550,10.800,-22.650,34.8
15:29:02.997,1742234,7.520,6.460,1.638,-0.354,-0.044,-0.199,-59.550,10.800,-22.650,34.8
15:29:03.058,1742288,6.970,5.648,1.616,-0.330,-0.084,-0.037,-59.550,10.800,-22.650,34.8
15:29:03.119,1742342,7.353,5.385,1.614,-0.256,-0.066,0.124,-59.550,10.800,-22.650,34.8
15:29:03.178,1742396,6.608,5.160,1.413,-0.067,0.025,0.203,-61.950,19.050,-23.550,34.9
15:29:03.236,1742450,7.008,5.387,2.045,0.048,-0.065,0.241,-61.950,19.050,-23.550,34.9
15:29:03.237,1742504,6.974,5.748,2.071,-0.154,-0.356,0.236,-60.900,16.800,-22.050,35.0
15:29:03.298,1742558,6.792,5.231,1.609,-0.370,-0.584,0.173,-60.900,16.800,-22.050,34.8
15:29:03.359,1742612,6.735,4.393,1.803,-0.312,-0.523,0.387,-59.700,17.850,-26.100,35.0
15:29:03.419,1742666,7.415,5.061,-0.649,0.021,-0.224,0.511,-59.700,17.850,-26.100,34.7
15:29:03.476,1742720,6.381,3.443,1.386,0.320,-0.148,0.462,-59.400,15.150,-28.950,34.7
15:29:03.538,1742774,7.561,5.780,1.310,0.224,-0.218,0.247,-59.400,15.150,-28.950,34.6
15:29:03.597,1742828,7.518,4.626,0.522,0.095,-0.309,0.088,-59.400,15.150,-28.950,35.0
15:29:03.658,1742882,8.104,2.444,-0.060,-0.217,-0.095,0.100,-58.650,14.100,-29.400,35.0
15:29:03.718,1742936,7.357,6.270,1.132,-0.042,-0.173,0.036,-58.650,14.100,-29.400,34.7
15:29:03.778,1742990,8.715,5.796,1.085,0.052,0.014,-0.021,-58.800,13.050,-29.250,34.8
15:29:03.778,1743044,8.193,3.934,0.814,0.074,-0.005,-0.051,-58.800,13.050,-29.250,34.8
15:29:03.837,1743098,9.469,3.294,0.306,-0.036,0.194,0.027,-59.250,15.000,-29.850,34.7
15:29:03.896,1743152,8.011,3.965,0.527,0.122,0.079,0.081,-59.250,15.000,-29.850,34.8
15:29:03.956,1743206,7.286,3.613,0.065,0.095,0.240,-0.104,-58.800,12.300,-30.600,34.5
15:29:04.016,1743260,6.148,4.468,0.670,0.177,0.128,-0.204,-58.800,12.300,-30.600,34.7
15:29:04.079,1743314,7.065,4.369,-0.014,0.190,0.279,-0.480,-58.800,12.300,-30.600,34.8
15:29:04.136,1743368,6.237,4.137,1.113,0.289,0.402,-0.467,-58.800,12.300,-30.600,35.0
15:29:04.196,1743422,7.056,4.791,1.765,0.274,0.397,-0.437,-60.450,12.450,-26.400,35.0
15:29:04.256,1743476,7.925,6.879,0.764,0.197,0.297,-0.325,-58.650,13.200,-23.100,34.8
15:29:04.316,1743530,8.135,5.296,2.083,0.142,0.223,-0.238,-58.650,13.200,-23.100,34.9
15:29:04.317,1743584,8.181,5.588,1.176,0.300,0.252,-0.001,-59.550,13.800,-23.700,34.8
15:29:04.376,1743638,8.112,5.540,1.257,0.437,0.235,-0.064,-59.550,13.800,-23.700,34.7
15:29:04.436,1743692,8.969,5.758,1.109,0.250,0.191,0.209,-59.850,11.850,-21.450,34.6
15:29:04.496,1743746,8.250,6.187,1.302,0.114,0.119,0.299,-59.850,11.850,-21.450,34.8
15:29:04.557,1743800,8.413,5.018,1.166,0.452,0.029,0.383,-59.850,11.850,-21.450,34.7
15:29:04.616,1743854,10.147,5.789,1.504,0.176,-0.111,0.319,-59.850,11.850,-21.450,34.8
15:29:04.676,1743908,8.191,4.542,1.532,0.056,-0.183,0.273,-56.550,2.700,-21.150,34.8
15:29:04.737,1743962,9.946,4.082,0.802,0.064,-0.021,0.415,-56.550,2.700,-21.150,34.9
15:29:04.797,1744016,8.152,3.651,0.955,0.059,-0.017,0.386,-55.200,0.450,-22.800,34.8
15:29:04.856,1744070,9.378,4.700,0.213,0.608,0.061,0.487,-53.400,-1.350,-19.500,35.0
15:29:04.857,1744124,9.254,4.178,0.620,0.541,-0.075,0.455,-53.400,-1.350,-19.500,34.5
15:29:04.916,1744178,9.589,4.697,0.771,0.302,-0.063,0.302,-52.050,-6.450,-18.900,34.7
15:29:04.976,1744232,9.392,3.175,0.802,0.083,-0.096,0.176,-52.050,-6.450,-18.900,34.7
15:29:05.097,1744286,9.661,4.005,0.599,0.031,-0.150,0.238,-52.050,-6.450,-18.900,34.7
15:29:05.098,1744340,9.538,3.385,-0.220,0.094,-0.132,0.123,-52.050,-6.450,-18.900,34.9
15:29:05.157,1744394,9.400,3.642,0.105,-0.039,-0.167,0.085,-48.750,-10.050,-20.700,34.9
15:29:05.217,1744448,9.400,3.282,0.026,0.040,-0.089,0.051,-48.750,-10.050,-20.700,34.9
15:29:05.276,1744502,8.959,3.266,0.244,0.054,-0.143,0.057,-49.050,-10.350,-20.400,35.0
15:29:05.337,1744556,9.172,3.644,0.244,0.131,-0.098,0.104,-49.050,-10.350,-20.400,35.0
15:29:05.397,1744610,9.507,3.711,0.069,-0.013,-0.173,0.083,-48.150,-9.750,-21.300,34.6
15:29:05.398,1744664,9.457,3.570,0.204,-0.178,-0.174,0.075,-46.950,-11.100,-21.150,34.8
15:29:05.457,1744718,8.990,3.541,-0.050,-0.161,-0.149,0.003,-46.950,-11.100,-21.150,34.8
15:29:05.516,1744772,9.404,3.393,0.283,0.035,-0.010,0.013,-48.000,-10.050,-22.950,35.0
15:29:05.576,1744826,10.247,3.218,0.014,0.093,0.002,0.074,-48.000,-10.050,-22.950,34.8
15:29:05.637,1744880,11.502,2.363,-0.575,0.224,0.147,-0.153,-48.000,-10.050,-22.950,34.8
15:29:05.697,1744934,12.012,2.818,-0.285,0.013,0.403,-0.542,-48.000,-10.050,-22.950,34.8
15:29:05.757,1744988,11.650,3.792,-0.201,-0.403,0.392,-0.669,-47.850,-9.000,-21.000,34.9
15:29:05.817,1745042,10.762,3.919,0.508,-0.408,0.425,-0.957,-47.850,-9.000,-21.000,34.8
15:29:05.877,1745096,11.164,5.083,0.618,-0.626,0.260,-1.030,-54.900,-2.100,-21.750,34.5
15:29:05.937,1745150,8.875,5.648,1.130,-0.329,0.367,-1.059,-54.900,-2.100,-21.750,34.6
15:29:05.938,1745204,8.052,5.559,1.039,-0.311,0.089,-0.735,-58.800,5.700,-20.400,34.8
15:29:05.996,1745258,7.204,6.244,1.894,-0.520,0.105,-0.625,-58.800,5.700,-20.400,35.0
15:29:06.056,1745312,7.944,6.383,1.573,-0.691,-0.071,-0.540,-61.800,11.550,-20.400,34.8
15:29:06.117,1745366,5.423,5.760,2.193,-0.371,-0.133,-0.419,-61.800,11.550,-20.400,34.7
15:29:06.176,1745420,6.536,4.676,1.858,-0.301,-0.310,-0.198,-61.800,11.550,-20.400,34.8
15:29:06.296,1745474,6.285,5.210,2.844,-0.044,-0.237,0.074,-62.850,21.600,-21.900,34.8
15:29:06.297,1745528,6.431,5.605,2.016,-0.160,-0.169,0.180,-62.850,21.600,-21.900,34.8
15:29:06.356,1745582,5.629,5.684,2.164,-0.412,-0.284,0.309,-61.950,22.500,-22.350,34.6
15:29:06.417,1745636,5.777,4.745,1.247,-0.297,-0.221,0.363,-61.950,22.500,-22.350,34.7
15:29:06.477,1745690,5.514,4.322,0.893,-0.237,-0.212,0.309,-62.850,21.900,-22.950,35.0
15:29:06.478,1745744,5.705,5.497,1.087,-0.274,-0.052,0.128,-62.850,21.900,-22.950,34.8
15:29:06.536,1745798,5.626,5.088,1.626,-0.211,-0.064,-0.035,-61.650,22.500,-22.800,35.0
15:29:06.596,1745852,7.341,5.375,1.575,-0.250,0.151,-0.265,-61.650,22.500,-22.800,34.8
15:29:06.656,1745906,7.238,5.938,2.468,0.048,0.043,-0.213,-61.650,22.500,-22.800,34.9
15:29:06.717,1745960,8.109,5.353,2.375,0.009,0.062,-0.098,-62.850,23.550,-24.000,34.9
15:29:06.777,1746014,7.774,5.657,1.719,0.063,0.143,0.066,-62.850,23.550,-24.000,34.8
15:29:06.836,1746068,5.646,5.332,1.504,0.377,0.189,-0.057,-62.850,22.350,-22.200,34.8
15:29:06.897,1746122,4.870,4.860,0.998,0.354,0.204,-0.122,-62.850,22.350,-22.200,34.6
15:29:06.956,1746176,4.477,3.967,1.865,0.462,0.407,-0.140,-61.200,22.500,-23.550,34.9
15:29:07.016,1746230,5.322,3.888,1.633,0.719,0.341,-0.009,-61.200,22.500,-23.550,35.0
15:29:07.017,1746284,6.402,5.684,2.174,0.656,0.121,0.083,-62.550,21.900,-21.450,34.8
15:29:07.076,1746338,6.563,6.232,2.023,0.555,-0.015,0.244,-62.550,21.900,-21.450,34.8
15:29:07.136,1746392,8.547,5.789,1.891,0.236,-0.037,0.322,-62.550,21.900,-21.450,34.9
15:29:07.196,1746446,8.930,7.566,1.657,0.270,0.017,0.545,-62.550,21.900,-21.450,34.9
15:29:07.257,1746500,8.068,6.653,1.765,0.446,-0.066,0.419,-62.550,21.900,-21.450,34.8
15:29:07.317,1746554,8.595,6.012,1.018,0.425,-0.005,0.672,-62.550,21.900,-21.450,35.0
15:29:07.376,1746608,9.529,4.994,0.864,0.464,-0.095,0.598,-58.950,8.700,-19.050,34.7
15:29:07.437,1746662,9.309,5.818,1.494,0.585,-0.062,0.555,-56.700,2.400,-19.050,35.0
15:29:07.496,1746716,10.549,5.128,0.979,0.073,-0.273,0.503,-56.700,2.400,-19.050,34.9
15:29:07.556,1746770,9.778,4.281,0.785,-0.354,-0.268,0.490,-53.250,-3.000,-19.350,34.9
15:29:07.557,1746824,9.857,4.252,-0.057,-0.243,-0.287,0.279,-53.250,-3.000,-19.350,34.9
15:29:07.616,1746878,9.486,3.148,-0.096,-0.040,-0.259,0.286,-50.850,-5.550,-20.550,34.8
15:29:07.676,1746932,9.692,4.527,0.532,-0.104,-0.343,0.329,-50.850,-5.550,-20.550,35.0
15:29:07.736,1746986,9.756,3.326,-0.139,-0.352,-0.326,0.218,-50.850,-5.550,-20.550,34.7
15:29:07.797,1747040,9.450,3.158,0.105,-0.335,-0.314,0.181,-50.850,-5.550,-20.550,34.7
15:29:07.857,1747094,9.898,3.029,-0.148,-0.111,-0.134,0.071,-49.350,-10.200,-25.350,34.8
15:29:07.917,1747148,9.407,3.019,-0.041,0.104,0.030,-0.092,-49.350,-10.200,-25.350,34.8
15:29:07.977,1747202,9.179,3.680,0.285,0.229,0.046,-0.015,-48.750,-7.200,-24.750,34.8
15:29:08.037,1747256,8.978,3.558,0.077,0.036,-0.018,0.022,-48.000,-8.100,-25.200,34.6
15:29:08.096,1747310,8.758,3.699,0.034,-0.115,-0.061,0.013,-48.000,-8.100,-25.200,34.9
15:29:08.097,1747364,8.995,3.529,0.045,-0.157,-0.110,0.002,-47.400,-8.250,-26.850,34.9
15:29:08.156,1747418,9.072,3.361,-0.266,-0.042,-0.048,-0.028,-47.400,-8.250,-26.850,35.1
15:29:08.217,1747472,9.622,3.508,0.419,0.017,0.005,-0.068,-47.400,-8.250,-26.850,34.9
15:29:08.277,1747526,9.634,3.285,-0.242,0.066,0.152,-0.086,-47.400,-8.250,-26.850,34.6
15:29:08.337,1747580,11.006,2.650,-0.469,0.135,0.222,-0.344,-49.350,-7.050,-26.100,34.7
15:29:08.396,1747634,10.233,4.326,0.302,0.022,0.373,-0.482,-49.350,-7.050,-26.100,34.8
15:29:08.457,1747688,11.334,3.067,-0.139,0.171,0.495,-0.573,-50.400,-5.100,-24.300,34.8
15:29:08.517,1747742,11.791,5.183,1.001,-0.055,0.490,-0.683,-50.400,-5.100,-24.300,34.9
15:29:08.576,1747796,10.494,5.693,0.594,-0.314,0.493,-0.761,-55.200,0.150,-22.350,35.0
15:29:08.637,1747850,9.720,5.473,0.412,-0.784,0.034,-0.619,-58.950,5.550,-20.250,34.7
15:29:08.637,1747904,7.705,6.029,1.528,-0.757,-0.040,-0.586,-58.950,5.550,-20.250,34.9
15:29:08.697,1747958,6.955,4.865,0.939,-0.668,-0.215,-0.550,-58.950,5.550,-20.250,34.7
15:29:08.757,1748012,5.938,5.851,1.810,-0.496,-0.094,-0.394,-58.950,5.550,-20.250,34.8
15:29:08.817,1748066,7.161,5.148,1.774,-0.179,0.078,-0.336,-61.950,17.850,-23.550,34.8
15:29:08.877,1748120,6.558,5.253,2.083,-0.032,-0.076,-0.161,-61.950,17.850,-23.550,34.7
15:29:08.937,1748174,6.318,5.198,2.442,-0.006,-0.100,-0.056,-60.900,21.450,-22.350,34.7
15:29:08.996,1748228,6.115,5.583,2.073,-0.046,-0.282,0.110,-60.900,21.450,-22.350,35.0
15:29:09.057,1748282,6.282,4.987,1.851,-0.010,-0.150,0.279,-61.950,21.000,-24.600,34.7
15:29:09.116,1748336,6.869,5.641,0.898,-0.070,0.098,0.345,-61.950,21.000,-24.600,34.8
15:29:09.176,1748390,6.297,5.638,2.765,0.072,-0.074,0.432,-60.300,20.400,-23.700,34.8
15:29:09.177,1748444,7.149,5.183,1.202,-0.031,-0.155,0.285,-60.300,20.400,-23.700,34.6
15:29:09.237,1748498,6.637,4.118,1.020,-0.460,-0.240,0.230,-60.300,20.400,-23.700,34.7
15:29:09.297,1748552,7.099,5.030,1.348,-0.019,0.068,0.083,-61.050,18.450,-24.750,35.0
15:29:09.357,1748606,7.575,4.463,0.919,0.205,0.074,0.029,-61.050,18.450,-24.750,34.7
15:29:09.416,1748660,7.989,4.846,2.028,0.078,0.155,-0.028,-60.450,18.300,-24.300,34.8
15:29:09.476,1748714,8.157,4.353,1.448,0.034,0.139,0.051,-60.450,18.300,-24.300,34.9
15:29:09.536,1748768,7.422,4.803,1.532,-0.060,0.238,-0.080,-62.700,19.500,-23.550,35.0
15:29:09.596,1748822,6.443,5.061,1.324,0.238,0.079,-0.219,-62.700,19.500,-23.550,34.8
15:29:09.656,1748876,6.788,4.350,1.192,0.183,0.195,-0.315,-61.650,18.300,-23.550,34.9
15:29:09.716,1748930,5.270,5.076,2.028,0.125,0.139,-0.278,-61.650,18.300,-23.550,34.5
15:29:09.717,1748984,6.316,5.016,2.334,0.321,0.122,-0.171,-61.650,18.300,-23.550,34.6
15:29:09.777,1749038,7.161,5.827,1.377,0.548,-0.071,-0.204,-61.650,18.300,-23.550,34.8
15:29:09.837,1749092,7.013,4.583,2.025,0.361,-0.032,0.061,-61.650,18.300,-23.550,34.9
15:29:09.897,1749146,8.219,6.021,1.367,-0.038,-0.125,0.241,-62.700,16.350,-21.750,34.9
15:29:09.957,1749200,7.642,6.658,1.839,0.107,0.067,0.282,-62.700,16.350,-21.750,34.8
15:29:10.017,1749254,8.722,5.322,2.160,0.186,-0.043,0.347,-60.600,12.300,-22.200,34.8
15:29:10.077,1749308,8.863,5.794,1.884,0.343,0.036,0.356,-60.600,12.300,-22.200,35.0
15:29:10.136,1749362,8.473,5.859,1.257,0.169,-0.007,0.380,-58.800,8.400,-21.900,34.9
15:29:10.196,1749416,8.813,4.676,1.334,0.033,-0.049,0.544,-58.800,8.400,-21.900,34.4
15:29:10.257,1749470,9.553,4.594,0.555,0.133,-0.069,0.481,-57.300,4.950,-22.650,34.7
15:29:10.257,1749524,9.457,4.513,1.463,0.167,-0.012,0.485,-57.300,4.950,-22.650,34.8
15:29:10.317,1749578,9.773,3.962,1.240,0.086,-0.116,0.618,-57.300,4.950,-22.650,35.1
15:29:10.377,1749632,9.754,4.197,0.778,0.204,-0.042,0.473,-57.300,4.950,-22.650,34.8
15:29:10.436,1749686,9.685,3.249,0.589,0.135,-0.084,0.513,-52.650,-4.800,-23.550,34.8
15:29:10.497,1749740,9.938,3.239,0.543,0.065,-0.188,0.618,-51.150,-4.800,-22.350,34.7
15:29:10.557,1749794,9.938,3.512,0.223,0.072,-0.205,0.501,-51.150,-4.800,-22.350,34.8
15:29:10.617,1749848,9.843,2.083,1.132,-0.026,-0.072,0.302,-48.000,-8.400,-23.400,34.8
15:29:10.676,1749902,9.728,2.641,0.345,0.026,-0.107,0.156,-48.000,-8.400,-23.400,34.7
15:29:10.736,1749956,9.421,3.414,0.539,-0.298,-0.152,-0.012,-47.850,-9.000,-23.550,34.7
15:29:10.797,1750010,9.548,2.957,0.275,-0.273,-0.086,-0.071,-47.850,-9.000,-23.550,34.9
15:29:10.798,1750064,9.239,2.571,0.543,-0.254,-0.080,-0.148,-47.850,-9.000,-23.550,34.8
15:29:10.856,1750118,9.436,2.931,0.306,0.036,-0.029,-0.148,-47.850,-9.000,-23.550,34.9
15:29:10.916,1750172,9.232,2.873,0.668,0.152,0.015,-0.039,-46.950,-8.100,-24.450,34.8
15:29:10.976,1750226,9.347,2.947,0.488,0.116,-0.038,-0.065,-46.950,-8.100,-24.450,34.9
15:29:11.036,1750280,9.471,3.191,0.285,0.073,-0.011,-0.041,-47.700,-8.400,-24.750,34.9
15:29:11.097,1750334,9.574,2.607,0.369,-0.119,-0.104,-0.014,-47.700,-8.400,-24.750,34.7
15:29:11.157,1750388,9.608,2.617,0.515,-0.158,-0.045,-0.044,-48.600,-8.700,-25.650,34.6
15:29:11.216,1750442,9.764,2.708,0.407,-0.193,-0.032,-0.147,-48.150,-8.700,-25.350,34.8
15:29:11.338,1750496,10.819,3.110,0.184,-0.125,0.056,-0.309,-48.150,-8.700,-25.350,34.8
15:29:11.338,1750550,11.849,2.789,0.156,-0.369,0.191,-0.681,-48.150,-8.700,-25.350,34.8
15:29:11.339,1750604,11.578,4.424,0.589,-0.327,0.165,-0.968,-48.150,-8.700,-25.350,34.8
15:29:11.397,1750658,11.317,4.592,-0.055,-0.386,0.198,-1.117,-54.450,-0.150,-25.650,34.7
15:29:11.456,1750712,9.522,5.598,1.662,-0.395,0.026,-0.908,-54.450,-0.150,-25.650,34.5
15:29:11.517,1750766,9.242,4.812,0.500,-0.248,0.284,-0.840,-56.250,8.850,-28.800,34.7
15:29:11.577,1750820,8.248,5.351,1.662,-0.144,0.114,-0.513,-56.250,8.850,-28.800,34.6
15:29:11.637,1750874,8.157,5.624,1.355,-0.162,0.294,-0.351,-59.250,14.250,-27.300,34.6
15:29:11.697,1750928,9.761,5.681,2.049,0.037,0.141,-0.121,-59.250,14.250,-27.300,34.8
15:29:11.756,1750982,6.888,6.239,2.346,0.062,-0.027,0.103,-61.800,16.200,-23.700,34.9
15:29:11.817,1751036,5.428,5.725,1.496,-0.102,-0.201,0.357,-61.800,16.200,-23.700,35.0
15:29:11.877,1751090,6.170,5.195,1.757,-0.393,-0.074,0.404,-61.800,16.200,-23.700,35.0
15:29:11.878,1751144,6.436,3.666,1.448,-0.257,-0.267,0.323,-61.800,16.200,-23.700,34.8
15:29:11.937,1751198,6.352,3.716,1.966,-0.008,-0.684,0.465,-61.800,16.200,-23.700,34.9
15:29:11.997,1751252,7.511,4.207,-0.670,0.039,-0.222,0.451,-60.900,17.550,-25.650,34.9
15:29:12.057,1751306,6.256,4.104,1.030,0.237,-0.431,0.391,-60.900,17.550,-25.650,34.7
15:29:12.117,1751360,6.158,4.372,1.281,0.219,-0.392,0.021,-59.850,16.200,-28.500,34.8
15:29:12.177,1751414,6.634,3.479,0.812,0.116,-0.264,-0.138,-59.850,16.200,-28.500,34.8
15:29:12.236,1751468,7.566,5.432,1.879,-0.031,-0.076,-0.076,-57.750,14.250,-30.600,34.7
15:29:12.296,1751522,8.258,5.643,0.292,0.134,0.258,0.003,-57.750,14.250,-30.600,35.0
15:29:12.357,1751576,7.685,3.369,0.807,0.170,0.374,-0.012,-58.050,15.750,-29.250,34.8
15:29:12.417,1751630,7.336,5.116,1.101,0.161,0.365,-0.040,-58.050,15.750,-29.250,34.9
15:29:12.418,1751684,6.804,3.548,0.905,0.031,0.422,-0.026,-58.050,15.750,-29.250,34.9
15:29:12.476,1751738,6.352,4.219,1.238,-0.114,0.343,-0.135,-59.700,14.400,-27.150,35.1
15:29:12.536,1751792,7.738,3.943,1.456,0.043,0.178,-0.010,-59.700,14.400,-27.150,34.6
15:29:12.597,1751846,6.835,3.685,1.451,0.128,0.222,-0.011,-59.850,15.000,-24.750,34.5
15:29:12.657,1751900,8.820,5.085,1.547,0.217,0.104,0.255,-59.850,15.000,-24.750,34.7
15:29:12.776,1751954,8.643,6.570,1.805,0.258,0.106,0.420,-59.250,12.300,-24.000,34.6
15:29:12.777,1752008,8.231,4.369,1.650,0.464,-0.017,0.324,-59.250,12.300,-24.000,34.9
15:29:12.837,1752062,9.313,4.556,1.616,0.207,0.026,0.561,-59.550,7.650,-22.650,34.9
15:29:12.897,1752116,10.003,4.480,1.255,0.189,-0.044,0.643,-59.550,7.650,-22.650,35.0
15:29:12.957,1752170,9.852,5.126,1.348,0.314,0.041,0.683,-59.550,7.650,-22.650,34.8
15:29:12.958,1752224,9.907,3.369,1.279,0.481,-0.027,0.618,-59.550,7.650,-22.650,35.0
15:29:13.017,1752278,10.125,3.570,0.907,0.342,-0.073,0.578,-53.700,-0.900,-22.800,34.7
15:29:13.077,1752332,10.384,3.630,1.575,0.275,-0.243,0.480,-50.250,-4.950,-21.900,34.7
15:29:13.137,1752386,10.345,3.536,0.795,0.095,-0.106,0.350,-50.250,-4.950,-21.900,34.9
15:29:13.197,1752440,10.623,1.980,1.286,0.171,0.067,0.270,-46.950,-8.400,-22.200,34.8
15:29:13.256,1752494,10.307,2.571,0.591,0.206,0.040,0.099,-46.950,-8.400,-22.200,34.9
15:29:13.316,1752548,9.749,2.152,0.785,0.256,-0.056,0.037,-47.850,-10.500,-22.350,34.8
15:29:13.377,1752602,9.871,2.023,0.565,0.169,-0.127,0.170,-47.850,-10.500,-22.350,34.8
15:29:13.437,1752656,9.847,2.037,0.555,0.305,-0.105,0.183,-47.850,-10.500,-22.350,34.7
15:29:13.496,1752710,10.166,1.616,0.306,0.455,-0.057,0.034,-47.850,-10.500,-22.350,34.7
15:29:13.497,1752764,9.740,2.169,0.575,0.304,0.005,-0.008,-45.900,-10.950,-18.750,34.5
15:29:13.556,1752818,9.527,1.954,0.548,0.023,-0.015,0.043,-45.900,-10.950,-18.750,34.8
15:29:13.676,1752872,9.675,2.028,0.512,-0.190,-0.072,0.050,-43.950,-11.850,-19.650,34.9
15:29:13.677,1752926,9.625,2.064,0.484,-0.246,-0.095,0.022,-46.650,-12.150,-19.800,34.7
15:29:13.737,1752980,9.321,2.409,0.431,-0.131,-0.085,-0.005,-46.650,-12.150,-19.800,34.8
15:29:13.796,1753034,9.665,1.973,0.247,-0.053,-0.080,-0.027,-43.950,-13.800,-20.100,35.0
15:29:13.856,1753088,9.637,2.473,0.548,0.093,-0.018,-0.074,-43.950,-13.800,-20.100,34.7
15:29:13.917,1753142,9.694,2.344,0.196,0.078,-0.076,-0.112,-43.950,-13.800,-20.100,34.8
15:29:13.977,1753196,9.531,2.610,0.496,-0.113,-0.041,-0.077,-43.950,-13.800,-20.100,34.8
15:29:14.037,1753250,9.471,1.757,0.251,-0.089,-0.025,-0.088,-45.000,-12.750,-20.400,34.5
15:29:14.038,1753304,9.771,2.260,0.424,-0.076,-0.046,-0.040,-45.000,-12.750,-20.400,34.8
15:29:14.097,1753358,10.805,2.195,0.558,-0.245,-0.030,-0.122,-44.700,-13.500,-21.450,35.0
15:29:14.157,1753412,11.363,2.375,0.472,-0.331,0.165,-0.299,-44.700,-13.500,-21.450,35.0
15:29:14.217,1753466,12.038,2.667,0.402,-0.627,0.270,-0.506,-48.300,-9.150,-21.450,34.8
15:29:14.276,1753520,12.354,2.883,0.754,-0.418,0.593,-0.999,-48.300,-9.150,-21.450,34.9
15:29:14.336,1753574,11.040,3.924,1.068,-0.261,0.431,-1.013,-49.350,-6.750,-23.550,34.8
15:29:14.397,1753628,9.890,3.771,1.923,-0.140,0.332,-1.089,-49.350,-6.750,-23.550,34.8
15:29:14.457,1753682,9.227,4.618,1.022,-0.121,0.071,-0.851,-49.350,-6.750,-23.550,34.7
15:29:14.516,1753736,8.440,4.635,2.200,-0.040,0.021,-0.682,-57.900,6.300,-19.500,34.6
15:29:14.576,1753790,8.356,5.495,1.925,-0.372,-0.078,-0.417,-57.900,6.300,-19.500,34.9
15:29:14.577,1753844,9.110,4.736,2.294,-0.661,-0.205,-0.350,-61.350,12.750,-20.400,35.1
15:29:14.637,1753898,6.914,5.808,2.023,-0.337,-0.426,-0.061,-61.350,12.750,-20.400,34.8
15:29:14.697,1753952,7.063,4.664,1.468,-0.313,-0.221,0.117,-60.600,17.400,-21.450,34.7
15:29:14.757,1754006,5.957,5.030,1.863,-0.112,-0.136,0.302,-60.600,17.400,-21.450,35.0
15:29:14.816,1754060,6.009,4.101,1.585,-0.171,-0.127,0.313,-60.450,15.600,-23.100,34.8
15:29:14.876,1754114,5.389,4.432,1.535,-0.110,-0.305,0.293,-60.450,15.600,-23.100,34.9
15:29:14.937,1754168,6.912,3.146,0.651,-0.076,-0.140,0.067,-60.450,15.600,-23.100,34.6
15:29:14.997,1754222,7.166,3.366,0.165,-0.162,-0.408,0.151,-60.450,15.600,-23.100,34.7
15:29:15.057,1754276,7.247,4.424,2.109,0.116,-0.123,0.180,-60.450,15.600,-23.100,35.0
15:29:15.118,1754330,9.081,2.425,-0.546,-0.644,-0.002,0.361,-60.900,12.450,-25.350,34.9
15:29:15.119,1754384,7.087,6.553,3.697,-0.589,-0.088,0.397,-60.900,12.450,-25.350,34.8
15:29:15.176,1754438,9.086,3.091,0.745,0.321,0.141,0.066,-59.700,13.200,-27.600,34.8
15:29:15.237,1754492,8.703,4.135,0.333,0.370,0.102,-0.044,-59.700,13.200,-27.600,34.6
15:29:15.296,1754546,7.532,5.148,1.891,0.195,0.128,-0.074,-60.300,14.250,-24.450,35.0
15:29:15.356,1754600,7.180,4.226,0.922,0.176,0.385,-0.174,-60.300,14.250,-24.450,34.9
15:29:15.417,1754654,6.436,3.625,1.293,0.627,0.297,-0.324,-60.900,12.450,-23.550,34.8
15:29:15.477,1754708,6.328,4.492,1.530,0.655,0.433,-0.270,-60.900,12.450,-23.550,34.6
15:29:15.537,1754762,6.895,5.385,1.587,0.571,0.466,-0.272,-60.900,12.450,-23.550,35.0
15:29:15.596,1754816,6.699,3.984,2.444,0.292,0.455,-0.043,-61.350,10.800,-20.700,34.8
15:29:15.657,1754870,7.738,6.278,2.140,0.515,0.295,0.059,-61.350,10.800,-20.700,34.7
15:29:15.658,1754924,8.614,4.336,2.040,0.671,0.305,0.099,-61.350,8.850,-17.550,35.0
15:29:15.717,1754978,7.638,4.671,2.770,0.607,0.378,0.290,-61.350,8.850,-17.550,35.0
15:29:15.777,1755032,9.436,5.763,2.277,0.198,0.237,0.592,-59.700,6.750,-15.450,34.8
15:29:15.836,1755086,7.934,4.573,2.749,-0.093,0.033,0.516,-59.700,6.750,-15.450,34.8
15:29:15.896,1755140,10.432,3.929,1.274,-0.137,-0.171,0.494,-57.900,3.150,-13.650,34.7
15:29:15.956,1755194,10.290,5.794,2.377,-0.021,-0.316,0.525,-57.900,3.150,-13.650,34.7
15:29:16.016,1755248,9.572,4.590,1.578,0.086,-0.265,0.338,-57.900,3.150,-13.650,34.9
15:29:16.076,1755302,10.379,3.840,0.606,0.026,-0.244,0.292,-57.900,3.150,-13.650,34.9
15:29:16.136,1755356,9.201,3.038,1.448,0.153,-0.168,0.315,-51.600,-5.100,-16.950,34.8
15:29:16.196,1755410,10.106,2.411,0.567,0.926,0.043,0.286,-51.600,-5.100,-16.950,34.8
15:29:16.197,1755464,9.811,3.393,1.365,0.921,-0.025,0.307,-50.850,-7.800,-15.900,34.8
15:29:16.256,1755518,9.919,3.239,1.240,0.700,-0.005,0.161,-49.800,-10.350,-13.050,34.8
15:29:16.316,1755572,9.955,2.545,1.511,0.097,-0.147,0.112,-49.800,-10.350,-13.050,35.1
15:29:16.376,1755626,9.917,3.220,1.044,0.020,-0.179,0.077,-49.500,-10.050,-12.750,34.7
15:29:16.436,1755680,9.622,2.717,1.343,-0.266,-0.169,0.069,-49.500,-10.050,-12.750,34.5
15:29:16.496,1755734,9.881,2.588,0.536,-0.253,-0.108,0.018,-49.500,-10.050,-12.750,34.9
15:29:16.557,1755788,9.486,2.102,0.599,-0.265,-0.133,0.022,-49.500,-10.050,-12.750,34.7
15:29:16.616,1755842,9.488,2.629,1.123,-0.279,-0.096,0.056,-48.000,-10.800,-14.850,34.8
15:29:16.677,1755896,9.342,2.636,0.409,-0.160,-0.029,0.003,-48.000,-10.800,-14.850,34.7
15:29:16.736,1755950,9.428,2.682,0.577,-0.098,-0.040,-0.021,-48.900,-12.900,-16.950,35.1
15:29:16.737,1756004,9.148,2.950,0.218,-0.009,-0.030,-0.025,-48.900,-12.900,-16.950,34.8
15:29:16.797,1756058,9.567,2.796,0.481,-0.023,-0.039,-0.033,-48.600,-9.750,-16.950,35.0
15:29:16.856,1756112,9.311,2.931,0.730,-0.060,-0.047,-0.027,-47.850,-10.500,-15.450,34.6
15:29:16.977,1756166,9.670,2.866,0.627,-0.032,-0.012,-0.137,-47.850,-10.500,-15.450,34.8
15:29:16.978,1756220,10.343,2.555,0.804,-0.188,0.004,-0.205,-47.850,-10.500,-15.450,34.8
15:29:17.037,1756274,10.752,2.746,0.505,-0.254,0.074,-0.305,-47.850,-10.500,-15.450,34.8
15:29:17.097,1756328,11.375,2.569,0.946,-0.319,0.207,-0.411,-47.850,-10.500,-15.450,34.9
15:29:17.156,1756382,10.336,3.467,0.929,-0.080,0.212,-0.563,-47.850,-10.500,-15.450,34.9
15:29:17.216,1756436,11.449,3.903,0.915,-0.252,0.115,-0.687,-52.650,-5.850,-18.450,34.8
15:29:17.276,1756490,10.400,4.362,1.317,-0.587,0.033,-0.654,-52.650,-5.850,-18.450,35.0
15:29:17.338,1756544,9.886,3.960,1.549,-0.617,-0.038,-0.614,-56.250,0.300,-18.150,34.6
15:29:17.338,1756598,9.146,4.391,1.571,-0.510,-0.143,-0.475,-56.250,0.300,-18.150,34.6
15:29:17.396,1756652,8.317,5.143,1.750,-0.326,-0.152,-0.384,-59.250,5.700,-20.700,35.0
15:29:17.456,1756706,8.966,4.889,1.228,-0.111,-0.042,-0.278,-60.150,7.800,-21.000,34.8
15:29:17.516,1756760,8.116,5.863,1.733,-0.136,-0.232,-0.131,-60.150,7.800,-21.000,35.1
15:29:17.576,1756814,6.855,5.183,1.676,-0.239,-0.261,-0.036,-60.150,7.800,-21.000,34.8
15:29:17.636,1756868,6.783,4.489,1.448,-0.499,-0.408,0.147,-60.150,7.800,-21.000,35.0
15:29:17.697,1756922,6.404,4.432,1.786,-0.216,-0.149,0.147,-59.550,12.750,-23.700,34.8
15:29:17.757,1756976,6.414,5.255,1.219,0.124,-0.081,0.305,-59.550,12.750,-23.700,34.9
15:29:17.816,1757030,6.725,4.645,1.848,0.138,0.028,0.269,-59.850,13.800,-24.750,34.7
15:29:17.817,1757084,8.107,4.427,0.778,-0.006,-0.100,0.340,-59.850,13.800,-24.750,34.5
15:29:17.876,1757138,6.864,4.152,0.412,-0.249,-0.065,0.302,-60.450,10.500,-23.100,34.8
15:29:17.936,1757192,7.781,3.457,1.006,-0.279,0.224,0.160,-60.450,10.500,-23.100,34.8
15:29:17.997,1757246,8.052,4.276,0.409,0.330,0.027,0.161,-60.150,10.950,-22.350,34.8
15:29:18.057,1757300,8.442,4.149,1.307,0.331,0.029,0.039,-60.150,10.950,-22.350,35.0
15:29:18.116,1757354,9.728,3.663,-0.048,-0.184,-0.100,0.126,-60.150,10.950,-22.350,34.8
15:29:18.176,1757408,9.005,3.421,1.580,-0.089,-0.172,0.154,-58.800,10.050,-23.400,34.9
15:29:18.237,1757462,8.904,3.534,1.178,0.011,0.090,0.013,-58.800,10.050,-23.400,34.8
15:29:18.298,1757516,7.286,4.013,1.140,0.297,-0.021,0.010,-58.500,7.650,-25.200,34.7
15:29:18.357,1757570,8.231,4.005,0.675,-0.039,-0.013,-0.034,-58.500,7.650,-25.200,34.6
15:29:18.358,1757624,7.321,4.087,0.828,0.002,0.136,-0.160,-59.400,9.000,-24.900,34.8
15:29:18.416,1757678,6.603,3.462,0.984,0.185,0.096,-0.230,-59.400,9.000,-24.900,35.0
15:29:18.476,1757732,7.317,3.943,0.515,0.060,0.298,-0.298,-58.500,9.600,-24.450,34.9
15:29:18.596,1757786,6.749,4.168,1.784,0.220,0.098,-0.169,-58.500,9.600,-24.450,34.8
15:29:18.597,1757840,8.349,4.161,1.518,0.143,0.300,-0.121,-58.500,9.600,-24.450,34.8
15:29:18.656,1757894,7.860,5.643,1.293,0.266,0.156,0.038,-58.500,9.600,-24.450,35.0
15:29:18.716,1757948,8.191,3.625,2.212,0.256,0.271,-0.061,-59.700,9.750,-21.750,34.9
15:29:18.777,1758002,8.847,5.444,1.884,0.170,0.037,0.256,-59.550,8.400,-19.350,34.5
15:29:18.836,1758056,9.084,4.748,1.118,0.381,0.117,0.214,-59.550,8.400,-19.350,34.6
15:29:18.896,1758110,9.840,4.673,1.884,0.123,0.063,0.398,-58.500,4.500,-19.350,34.7
15:29:18.897,1758164,8.703,3.395,2.464,0.039,0.090,0.317,-58.500,4.500,-19.350,34.9
15:29:18.956,1758218,9.646,3.886,1.786,0.222,-0.034,0.361,-55.050,1.050,-19.350,34.9
15:29:19.017,1758272,9.002,4.197,1.889,0.149,-0.074,0.351,-55.050,1.050,-19.350,34.8
15:29:19.077,1758326,8.990,3.606,0.984,0.284,-0.074,0.436,-55.050,1.050,-19.350,34.9
15:29:19.137,1758380,9.699,3.414,1.257,0.376,0.036,0.437,-55.050,1.050,-19.350,34.9
15:29:19.197,1758434,9.744,3.697,1.204,0.298,-0.024,0.479,-55.050,1.050,-19.350,34.9
15:29:19.256,1758488,9.263,2.959,0.613,0.576,-0.002,0.430,-55.050,1.050,-19.350,34.7
15:29:19.316,1758542,10.283,2.825,1.267,0.432,-0.067,0.433,-49.500,-8.400,-15.300,34.7
15:29:19.376,1758596,9.795,3.019,1.006,0.268,-0.062,0.285,-48.900,-10.500,-14.400,35.0
15:29:19.436,1758650,10.233,2.207,0.342,0.350,-0.010,0.168,-48.900,-10.500,-14.400,34.8
15:29:19.437,1758704,9.567,1.870,1.022,0.077,-0.151,0.141,-46.350,-14.100,-13.200,34.9
15:29:19.496,1758758,9.957,2.682,0.644,0.228,-0.113,0.138,-46.350,-14.100,-13.200,34.8
15:29:19.556,1758812,9.723,1.597,1.058,-0.044,-0.135,0.159,-46.350,-14.100,-13.200,34.8
15:29:19.617,1758866,10.025,1.616,0.464,0.096,-0.059,0.072,-46.350,-14.100,-13.200,34.8
15:29:19.676,1758920,9.565,1.844,0.855,0.071,-0.001,-0.025,-46.350,-14.100,-13.200,34.8
15:29:19.797,1758974,9.517,2.272,0.563,0.168,0.002,0.007,-46.350,-14.100,-13.200,34.7
15:29:19.798,1759028,9.261,2.579,0.634,0.081,-0.046,0.055,-46.650,-14.850,-12.600,34.8
15:29:19.857,1759082,9.723,2.488,0.539,-0.088,-0.044,0.013,-46.650,-14.850,-12.600,34.8
15:29:19.916,1759136,9.498,2.112,0.388,-0.127,-0.053,0.013,-45.000,-13.800,-13.500,34.8
15:29:19.977,1759190,9.591,2.243,0.558,-0.180,-0.064,-0.005,-45.000,-13.800,-13.500,34.8
15:29:20.036,1759244,9.615,1.932,0.393,-0.036,0.022,0.002,-44.400,-12.900,-13.200,34.7
15:29:20.037,1759298,10.080,2.339,0.608,0.051,0.011,-0.066,-46.650,-14.100,-13.200,34.8
15:29:20.097,1759352,10.154,2.291,0.891,-0.048,0.092,-0.243,-46.650,-14.100,-13.200,34.8
15:29:20.157,1759406,10.453,2.100,0.409,-0.336,0.022,-0.415,-46.650,-14.100,-13.200,34.8
15:29:20.217,1759460,11.023,2.574,0.812,-0.662,0.089,-0.621,-46.650,-14.100,-13.200,35.0
15:29:20.276,1759514,10.044,2.859,1.015,-0.777,-0.048,-0.645,-49.050,-10.350,-15.300,34.6
15:29:20.336,1759568,11.025,4.003,0.405,-1.005,0.050,-0.869,-49.050,-10.350,-15.300,34.8
15:29:20.396,1759622,10.127,4.717,1.456,-0.822,-0.074,-0.872,-52.650,-5.100,-18.000,35.1
15:29:20.456,1759676,9.855,5.064,0.893,-0.598,0.067,-0.902,-52.650,-5.100,-18.000,34.8
15:29:20.516,1759730,9.021,4.245,1.322,-0.353,0.033,-0.647,-57.300,2.250,-20.400,34.9
15:29:20.517,1759784,7.987,4.434,1.559,-0.180,0.053,-0.534,-57.300,2.250,-20.400,35.0
15:29:20.576,1759838,7.721,4.298,1.731,-0.148,-0.032,-0.334,-60.150,6.750,-20.550,34.8
15:29:20.636,1759892,7.204,5.049,2.296,-0.098,-0.039,-0.276,-60.150,6.750,-20.550,34.6
15:29:20.697,1759946,7.003,4.717,1.305,-0.241,-0.097,-0.268,-60.150,6.750,-20.550,34.6
15:29:20.757,1760000,6.697,6.012,1.796,-0.502,-0.089,-0.300,-62.100,12.300,-21.150,34.9
15:29:20.817,1760054,6.828,5.581,2.112,-0.259,-0.053,-0.423,-62.100,12.300,-21.150,35.1
15:29:20.877,1760108,6.558,5.559,2.152,-0.214,-0.243,-0.434,-62.550,16.200,-22.200,34.8
15:29:20.936,1760162,7.230,5.198,2.289,-0.099,-0.215,-0.335,-62.550,16.200,-22.200,34.9
15:29:20.997,1760216,7.412,5.270,1.647,-0.198,-0.102,-0.123,-62.700,19.050,-22.800,34.7
15:29:21.056,1760270,8.011,4.681,1.281,-0.119,0.007,-0.005,-62.700,19.050,-22.800,34.9
15:29:21.117,1760324,7.283,4.982,2.205,0.038,-0.191,0.234,-63.150,21.000,-23.100,34.9
15:29:21.118,1760378,8.363,5.064,1.106,0.179,-0.009,0.269,-63.150,21.000,-23.100,34.7
15:29:21.177,1760432,7.072,5.310,1.398,0.195,-0.119,0.366,-63.150,21.000,-23.100,34.6
15:29:21.237,1760486,7.851,4.104,1.049,0.033,-0.010,0.216,-62.100,17.400,-24.000,34.7
15:29:21.297,1760540,8.030,5.145,1.408,-0.201,-0.346,0.202,-62.100,17.400,-24.000,34.6
15:29:21.356,1760594,7.910,5.547,1.607,0.005,-0.122,0.131,-61.800,17.700,-24.750,34.9
15:29:21.417,1760648,7.508,4.786,1.381,0.007,-0.068,0.114,-61.800,17.700,-24.750,34.8
15:29:21.476,1760702,8.353,5.578,1.618,0.152,0.104,-0.023,-61.800,15.450,-25.200,34.7
15:29:21.536,1760756,8.507,3.639,2.059,0.374,0.002,-0.146,-61.800,15.450,-25.200,34.8
15:29:21.596,1760810,7.805,6.019,0.687,-0.103,0.020,0.034,-60.450,17.850,-25.350,34.9
15:29:21.597,1760864,6.843,6.658,2.643,-0.250,-0.066,0.203,-60.450,17.850,-25.350,34.6
15:29:21.717,1760918,8.109,4.286,0.053,-0.241,0.192,-0.058,-60.600,16.200,-24.750,34.8
15:29:21.718,1760972,6.584,5.612,2.368,0.208,0.122,-0.018,-60.600,16.200,-24.750,35.0
15:29:21.776,1761026,6.448,4.865,0.962,0.543,0.265,-0.233,-60.600,16.200,-24.750,35.1
15:29:21.837,1761080,5.713,5.923,2.018,0.405,0.158,-0.301,-60.600,16.200,-24.750,34.9
15:29:21.897,1761134,6.711,4.324,1.733,0.281,0.167,-0.327,-62.850,15.450,-21.900,34.8
15:29:21.957,1761188,7.250,4.994,1.951,-0.085,0.028,-0.292,-62.700,18.750,-21.300,34.8
15:29:22.016,1761242,7.266,5.827,1.872,0.097,0.049,-0.138,-62.700,18.750,-21.300,34.9
15:29:22.077,1761296,8.897,5.650,1.269,-0.185,-0.010,-0.083,-61.650,17.850,-20.550,34.9
15:29:22.136,1761350,6.694,4.077,1.484,0.006,-0.060,0.084,-61.650,17.850,-20.550,34.7
15:29:22.137,1761404,8.456,5.868,1.243,-0.280,-0.050,0.442,-63.150,14.850,-20.550,34.8
15:29:22.196,1761458,7.180,5.035,1.815,0.029,-0.058,0.576,-63.150,14.850,-20.550,34.7
15:29:22.256,1761512,8.964,5.480,1.389,0.111,-0.126,0.523,-63.150,14.850,-20.550,34.8
15:29:22.316,1761566,8.404,4.465,2.083,0.144,-0.147,0.571,-63.150,14.850,-20.550,34.8
15:29:22.376,1761620,8.993,4.623,0.687,0.135,-0.201,0.604,-58.200,6.750,-21.000,35.0
15:29:22.436,1761674,10.297,4.293,1.022,0.325,-0.051,0.583,-58.200,6.750,-21.000,34.9
15:29:22.496,1761728,8.954,4.245,1.255,0.367,-0.131,0.659,-55.500,2.250,-22.950,34.7
15:29:22.556,1761782,9.969,4.970,0.936,0.439,-0.071,0.507,-53.400,-2.400,-22.350,34.9
15:29:22.616,1761836,9.752,3.534,0.862,0.022,-0.178,0.411,-53.400,-2.400,-22.350,34.6
15:29:22.676,1761890,9.661,3.891,0.421,0.256,-0.112,0.169,-51.150,-4.050,-22.350,34.6
15:29:22.677,1761944,9.838,3.134,0.189,0.251,-0.056,0.084,-51.150,-4.050,-22.350,34.9
15:29:22.736,1761998,8.995,3.670,0.881,0.164,-0.016,0.045,-51.150,-4.050,-22.350,34.7
15:29:22.797,1762052,8.969,3.294,0.553,0.102,-0.063,0.139,-51.150,-4.050,-22.350,34.8
15:29:22.857,1762106,9.251,3.680,0.560,0.043,-0.187,0.242,-51.150,-4.050,-22.350,34.8
15:29:22.917,1762160,9.591,2.708,0.347,0.228,-0.073,0.170,-51.150,-4.050,-22.350,34.9
15:29:22.977,1762214,9.673,3.077,0.467,0.035,-0.029,0.051,-49.650,-8.700,-22.350,34.9
15:29:23.036,1762268,9.505,2.741,0.345,-0.029,-0.019,0.082,-49.650,-8.700,-22.350,34.8
15:29:23.097,1762322,9.366,2.911,0.622,-0.123,-0.030,0.028,-50.550,-10.800,-22.950,34.7
15:29:23.156,1762376,9.316,2.622,0.227,-0.107,-0.007,0.053,-50.550,-10.800,-22.950,34.9
15:29:23.217,1762430,9.201,2.847,0.395,-0.069,-0.034,0.112,-50.250,-10.350,-21.900,34.8
15:29:23.218,1762484,9.321,3.220,0.244,0.092,0.001,0.123,-47.850,-10.500,-22.800,34.7
15:29:23.277,1762538,9.359,2.823,0.347,0.132,0.042,0.067,-47.850,-10.500,-22.800,34.8
15:29:23.336,1762592,9.337,3.203,0.393,0.085,0.030,-0.004,-47.850,-10.500,-22.800,34.9
15:29:23.396,1762646,9.584,3.148,0.462,-0.090,-0.040,-0.033,-47.850,-10.500,-22.800,34.9
15:29:23.457,1762700,9.754,2.964,0.342,-0.225,-0.025,-0.209,-48.750,-11.550,-22.200,34.8
15:29:23.516,1762754,10.946,2.356,0.225,-0.205,0.146,-0.422,-48.750,-11.550,-22.200,34.6
15:29:23.576,1762808,10.415,3.225,0.613,-0.329,0.116,-0.582,-50.100,-9.000,-22.350,34.6
15:29:23.636,1762862,11.095,3.079,-0.005,-0.195,0.363,-0.967,-50.100,-9.000,-22.350,34.7
15:29:23.757,1762916,9.632,4.515,1.109,-0.387,0.103,-0.953,-53.100,-4.800,-23.100,34.7
15:29:23.816,1762970,9.950,5.210,0.328,-0.042,0.292,-1.013,-53.100,-4.800,-23.100,34.7
15:29:23.937,1763024,9.318,5.294,1.255,-0.167,-0.001,-0.867,-57.450,2.100,-23.550,34.8
15:29:23.938,1763078,8.686,6.050,1.396,-0.392,0.032,-0.640,-57.450,2.100,-23.550,34.8
15:29:23.939,1763132,8.119,5.083,1.925,-0.495,-0.035,-0.434,-57.450,2.100,-23.550,34.8
15:29:23.940,1763186,7.389,6.057,2.105,-0.561,0.000,-0.318,-59.400,12.450,-22.350,34.9
15:29:23.997,1763240,7.082,6.246,1.326,-0.133,-0.013,-0.211,-59.400,12.450,-22.350,34.7
15:29:24.056,1763294,7.314,6.493,1.374,-0.451,0.047,-0.300,-62.700,17.100,-23.850,34.7
15:29:24.116,1763348,7.400,6.122,1.903,-0.278,0.099,-0.187,-62.700,17.100,-23.850,34.9
15:29:24.176,1763402,7.214,6.098,2.107,-0.305,-0.196,-0.018,-61.800,19.650,-22.650,34.8
15:29:24.237,1763456,6.220,5.993,1.362,-0.245,-0.138,0.161,-61.800,19.650,-22.650,34.8
15:29:24.297,1763510,6.038,5.198,1.575,-0.109,0.022,0.156,-62.100,21.900,-21.450,34.7
15:29:24.298,1763564,6.390,5.274,1.199,-0.029,0.212,0.164,-62.100,21.900,-21.450,34.9
15:29:24.357,1763618,6.280,5.526,2.401,0.429,0.103,0.006,-62.100,21.900,-21.450,35.0
15:29:24.417,1763672,7.288,5.780,2.057,0.369,-0.258,0.003,-63.450,21.000,-22.050,34.8
15:29:24.477,1763726,7.453,5.375,1.621,-0.059,-0.157,0.232,-63.450,21.000,-22.050,34.8
15:29:24.536,1763780,7.044,4.731,2.212,-0.476,-0.005,0.189,-61.950,20.550,-23.100,34.7
15:29:24.596,1763834,6.986,4.537,1.484,-0.133,0.018,0.339,-61.950,20.550,-23.100,34.9
15:29:24.656,1763888,6.919,5.404,2.430,0.245,0.055,0.196,-61.950,19.800,-22.050,34.9
15:29:24.716,1763942,7.326,5.492,1.705,0.179,-0.114,0.022,-61.950,19.800,-22.050,34.8
15:29:24.777,1763996,8.119,6.096,1.937,-0.050,-0.041,-0.015,-63.300,18.900,-21.450,35.0
15:29:24.836,1764050,7.714,4.968,1.944,0.086,-0.037,-0.041,-63.300,18.900,-21.450,34.9
15:29:24.837,1764104,7.738,5.028,1.599,0.205,-0.002,-0.170,-61.050,20.100,-22.200,34.9
15:29:24.897,1764158,7.252,4.939,1.604,0.235,0.079,-0.125,-61.050,20.100,-22.200,34.8
15:29:24.957,1764212,7.017,5.219,1.709,0.279,0.042,-0.154,-61.050,20.100,-22.200,34.7
15:29:25.017,1764266,6.914,4.424,1.437,0.210,0.079,-0.074,-61.050,20.100,-22.200,34.7
15:29:25.077,1764320,6.393,5.298,1.695,0.067,0.082,-0.015,-61.650,19.800,-21.000,34.8
15:29:25.137,1764374,6.800,6.065,1.468,-0.020,0.109,0.051,-62.100,18.900,-22.200,35.0
15:29:25.196,1764428,6.692,5.787,2.083,0.190,0.131,-0.039,-62.100,18.900,-22.200,35.3
15:29:25.256,1764482,6.632,5.765,1.645,0.153,0.206,-0.004,-61.050,17.400,-20.400,34.9
15:29:25.317,1764536,8.037,5.813,2.033,0.058,0.151,0.098,-61.050,17.400,-20.400,34.9
15:29:25.377,1764590,7.338,5.284,1.590,0.282,0.095,0.066,-60.150,15.150,-20.550,34.8
15:29:25.378,1764644,8.128,4.669,2.097,0.270,0.060,0.157,-60.150,15.150,-20.550,34.8
15:29:25.437,1764698,8.803,6.728,2.081,0.008,0.012,0.372,-60.150,15.150,-20.550,34.6
15:29:25.497,1764752,8.174,5.617,2.588,-0.027,-0.011,0.164,-60.150,15.150,-20.550,34.6
15:29:25.556,1764806,8.909,4.841,1.499,-0.017,0.050,0.349,-60.150,9.750,-18.750,34.6
15:29:25.616,1764860,8.629,4.465,1.750,-0.079,-0.187,0.471,-60.150,9.750,-18.750,35.0
15:29:25.676,1764914,8.590,5.215,1.894,-0.191,-0.030,0.504,-58.950,8.250,-20.550,34.9
15:29:25.736,1764968,9.491,4.386,1.772,-0.092,-0.109,0.493,-57.300,4.200,-21.450,34.8
15:29:25.797,1765022,9.084,4.870,1.401,0.206,-0.149,0.413,-57.300,4.200,-21.450,35.0
15:29:25.856,1765076,9.725,4.413,1.504,0.019,-0.091,0.273,-54.300,0.300,-21.150,34.9
15:29:25.916,1765130,8.823,4.037,1.176,-0.155,-0.144,0.199,-54.300,0.300,-21.150,34.8
15:29:25.917,1765184,9.129,3.783,1.264,0.131,-0.067,0.189,-54.300,0.300,-21.150,34.7
15:29:25.977,1765238,8.799,3.366,1.130,0.268,-0.126,0.322,-54.300,0.300,-21.150,34.6
15:29:26.036,1765292,9.117,4.020,0.670,0.254,-0.164,0.432,-53.100,-3.150,-22.350,34.8
15:29:26.096,1765346,9.395,3.251,1.441,0.264,-0.182,0.369,-53.100,-3.150,-22.350,34.7
15:29:26.156,1765400,9.713,3.359,0.721,0.307,-0.078,0.266,-51.750,-5.400,-22.200,34.9
15:29:26.216,1765454,9.412,3.120,1.192,0.369,0.035,0.184,-51.750,-5.400,-22.200,34.7
15:29:26.276,1765508,9.187,3.270,0.855,0.374,0.014,0.206,-50.250,-7.650,-20.700,34.7
15:29:26.337,1765562,9.352,3.100,1.319,0.324,0.016,0.184,-48.300,-8.400,-20.400,34.8
15:29:26.397,1765616,9.357,2.966,0.699,0.161,-0.002,0.097,-48.300,-8.400,-20.400,35.0
15:29:26.456,1765670,9.433,2.878,1.161,0.116,0.022,0.177,-47.850,-10.950,-20.250,34.4
15:29:26.457,1765724,9.457,2.526,0.764,0.144,0.006,0.141,-47.850,-10.950,-20.250,34.9
15:29:26.516,1765778,9.431,2.820,0.649,0.064,-0.002,0.067,-47.850,-10.950,-20.250,34.8
15:29:26.576,1765832,9.187,2.741,0.577,-0.035,0.013,0.040,-47.850,-10.950,-20.250,34.9
15:29:26.636,1765886,9.244,2.600,0.848,-0.019,-0.038,0.079,-48.600,-11.400,-18.750,35.1
15:29:26.696,1765940,9.304,2.854,0.658,0.030,-0.018,0.025,-48.600,-11.400,-18.750,34.9
15:29:26.756,1765994,9.517,2.847,0.742,0.041,-0.037,0.036,-45.900,-10.200,-19.800,34.8
15:29:26.817,1766048,9.517,2.854,0.814,-0.043,-0.037,-0.010,-45.900,-10.200,-19.800,35.0
15:29:26.876,1766102,10.025,2.665,0.333,0.133,0.025,-0.055,-47.100,-12.450,-19.800,34.5
15:29:26.936,1766156,10.475,2.449,0.919,0.012,-0.051,-0.153,-47.100,-12.450,-19.800,34.7
15:29:26.997,1766210,11.004,2.248,0.409,-0.175,0.191,-0.395,-47.850,-13.650,-19.500,34.8
15:29:26.998,1766264,11.080,1.999,1.252,-0.438,0.193,-0.507,-47.850,-13.650,-19.500,35.1
15:29:27.057,1766318,11.624,3.148,0.776,-0.315,0.428,-0.694,-47.850,-13.650,-19.500,35.0
15:29:27.117,1766372,11.265,4.094,1.590,-0.086,0.358,-0.810,-51.900,-4.350,-18.450,34.9
15:29:27.177,1766426,10.590,4.654,1.013,-0.316,0.340,-0.832,-51.900,-4.350,-18.450,34.6
15:29:27.238,1766480,8.839,5.370,2.140,-0.465,-0.124,-0.614,-58.950,1.650,-18.000,34.7
15:29:27.296,1766534,8.452,5.337,0.666,-0.605,0.022,-0.564,-58.950,1.650,-18.000,34.8
15:29:27.357,1766588,7.341,4.879,1.159,-0.318,-0.078,-0.177,-59.700,6.300,-18.000,34.7
15:29:27.417,1766642,7.130,4.755,2.040,0.061,0.188,-0.187,-59.700,6.300,-18.000,34.4
15:29:27.477,1766696,7.841,5.006,2.358,0.430,0.027,-0.169,-59.700,9.750,-17.250,34.9
15:29:27.537,1766750,7.037,5.301,2.717,0.037,-0.324,-0.167,-59.700,9.750,-17.250,35.0
15:29:27.538,1766804,7.247,5.531,2.140,-0.318,-0.416,-0.152,-59.700,9.750,-17.250,34.8
15:29:27.597,1766858,7.192,4.554,2.375,-0.315,-0.378,-0.057,-61.950,14.400,-20.550,34.9
15:29:27.656,1766912,7.554,4.257,1.518,-0.177,-0.164,0.157,-61.950,14.400,-20.550,34.9
15:29:27.716,1766966,6.867,4.585,1.549,0.053,-0.271,0.076,-62.100,14.250,-20.400,34.8
15:29:27.777,1767020,7.458,5.171,1.425,-0.157,-0.225,-0.071,-62.100,14.250,-20.400,35.0
15:29:27.836,1767074,7.302,4.568,1.159,-0.230,-0.286,0.063,-61.050,14.550,-22.950,34.7
15:29:27.896,1767128,7.187,4.355,0.376,-0.377,-0.070,0.076,-61.050,14.550,-22.950,34.6
15:29:27.956,1767182,6.883,4.314,0.249,-0.072,-0.062,0.207,-61.800,15.750,-24.450,34.9
15:29:28.017,1767236,7.166,3.764,1.152,0.350,-0.006,0.087,-61.800,15.750,-24.450,35.0
15:29:28.077,1767290,8.502,5.080,0.790,0.200,-0.309,0.035,-61.800,15.750,-24.450,34.8
15:29:28.078,1767344,7.992,5.174,1.314,-0.288,-0.169,0.135,-61.800,15.750,-24.450,34.8
15:29:28.136,1767398,8.114,4.590,0.977,0.013,-0.081,0.023,-60.900,14.100,-25.350,35.0
15:29:28.197,1767452,7.712,4.556,0.520,0.396,-0.018,-0.085,-59.250,15.750,-27.000,34.9
15:29:28.256,1767506,7.609,4.970,0.862,0.109,-0.027,-0.164,-59.250,15.750,-27.000,34.9
15:29:28.316,1767560,6.498,4.010,1.250,0.220,0.067,-0.278,-61.200,14.850,-25.350,34.8
15:29:28.376,1767614,7.417,4.779,1.149,0.305,0.174,-0.347,-61.200,14.850,-25.350,34.6
15:29:28.436,1767668,5.981,3.792,1.032,0.264,0.446,-0.351,-60.300,13.800,-25.950,34.8
15:29:28.497,1767722,6.517,3.776,1.958,0.187,0.391,-0.150,-60.300,13.800,-25.950,34.9
15:29:28.556,1767776,5.751,4.111,1.451,0.091,0.340,-0.052,-60.900,16.800,-21.300,34.8
15:29:28.616,1767830,7.283,5.471,2.157,-0.027,0.326,0.160,-60.900,16.800,-21.300,34.8
15:29:28.617,1767884,8.042,6.091,1.817,-0.022,0.195,0.328,-60.900,16.800,-21.300,34.8
15:29:28.676,1767938,8.473,6.517,1.851,-0.095,0.128,0.365,-60.900,16.800,-21.300,34.8
15:29:28.736,1767992,9.828,5.737,1.832,-0.062,-0.012,0.335,-59.400,11.700,-20.250,34.8
15:29:28.797,1768046,9.239,5.325,1.786,-0.013,-0.024,0.435,-59.400,11.700,-20.250,34.5
15:29:28.856,1768100,8.224,5.083,1.774,0.146,-0.076,0.420,-59.250,8.400,-18.900,34.9
15:29:28.916,1768154,8.875,4.513,1.348,0.102,0.009,0.490,-57.900,4.800,-21.300,34.9
15:29:28.976,1768208,10.295,4.879,1.547,0.153,-0.055,0.581,-57.900,4.800,-21.300,34.8
15:29:29.037,1768262,9.009,4.831,1.583,0.300,0.058,0.405,-52.650,0.900,-18.000,34.8
15:29:29.097,1768316,10.903,4.092,0.493,-0.069,-0.161,0.485,-52.650,0.900,-18.000,34.8
15:29:29.157,1768370,9.524,4.405,1.415,-0.184,-0.137,0.448,-52.650,0.900,-18.000,35.1
15:29:29.157,1768424,10.281,3.134,1.092,-0.011,-0.143,0.454,-52.650,0.900,-18.000,35.0
15:29:29.217,1768478,9.076,2.835,0.950,0.118,-0.105,0.228,-49.800,-4.200,-20.700,34.9
15:29:29.277,1768532,10.070,2.502,0.761,0.311,0.021,0.045,-49.800,-4.200,-20.700,34.7
15:29:29.337,1768586,8.971,2.423,1.140,0.286,0.048,-0.096,-51.300,-6.150,-20.100,34.8
15:29:29.396,1768640,9.301,3.139,0.804,0.325,-0.018,-0.077,-51.300,-6.150,-20.100,34.8
15:29:29.457,1768694,9.031,2.662,1.132,0.169,-0.103,0.048,-50.100,-7.050,-21.750,35.0
15:29:29.517,1768748,9.519,3.476,0.986,-0.007,-0.173,0.047,-50.250,-8.400,-19.350,34.8
15:29:29.576,1768802,9.256,2.600,0.826,-0.082,-0.137,0.010,-50.250,-8.400,-19.350,35.1
15:29:29.637,1768856,9.321,3.026,0.934,-0.041,-0.121,0.029,-50.250,-8.400,-19.350,34.9
15:29:29.696,1768910,9.548,2.849,0.668,0.044,-0.102,0.052,-50.250,-8.400,-19.350,35.1
15:29:29.697,1768964,9.450,2.337,0.850,0.002,-0.027,-0.014,-51.000,-9.150,-22.650,34.6
15:29:29.756,1769018,8.976,2.507,0.515,0.139,-0.020,-0.020,-51.000,-9.150,-22.650,34.5
15:29:29.818,1769072,9.402,3.050,0.948,0.142,-0.003,0.067,-49.350,-8.700,-21.000,34.9
15:29:29.877,1769126,9.462,3.314,0.450,0.040,-0.030,0.037,-49.350,-8.700,-21.000,34.9
15:29:29.936,1769180,9.436,2.811,0.673,-0.071,-0.018,-0.006,-48.900,-10.500,-20.250,34.8
15:29:29.996,1769234,9.711,2.916,0.551,-0.221,-0.083,0.011,-48.900,-10.500,-20.250,34.8
15:29:30.057,1769288,9.553,2.588,0.493,-0.242,-0.042,-0.046,-49.050,-9.600,-18.900,34.9
15:29:30.117,1769342,10.020,2.823,0.826,-0.117,0.031,-0.042,-49.050,-9.600,-18.900,34.7
15:29:30.177,1769396,10.769,2.516,0.752,-0.053,0.136,-0.326,-49.050,-9.600,-18.900,35.0
15:29:30.236,1769450,10.906,3.038,0.843,-0.383,0.117,-0.380,-49.050,-9.600,-18.900,34.6
15:29:30.237,1769504,10.657,2.653,1.089,-0.515,0.201,-0.467,-49.050,-9.600,-18.900,34.5
15:29:30.297,1769558,10.896,3.498,1.324,-0.343,0.212,-0.613,-50.850,-4.350,-23.100,34.8
15:29:30.357,1769612,10.862,4.051,1.535,-0.407,0.340,-0.707,-50.850,-4.350,-23.100,34.9
15:29:30.416,1769666,9.783,5.212,2.447,-0.476,-0.017,-0.534,-54.750,0.300,-22.950,34.7
15:29:30.476,1769720,9.488,4.415,1.662,-0.424,0.089,-0.488,-54.750,0.300,-22.950,35.0
15:29:30.537,1769774,7.556,5.363,2.286,-0.440,-0.071,-0.296,-57.000,5.700,-23.700,34.9
15:29:30.597,1769828,8.794,5.488,2.562,-0.551,0.387,-0.436,-57.000,5.700,-23.700,34.9
15:29:30.657,1769882,7.499,5.076,3.086,-0.154,0.168,-0.404,-59.400,10.500,-22.350,34.8
15:29:30.716,1769936,7.204,5.902,2.837,-0.117,0.037,-0.381,-59.400,10.500,-22.350,34.7
15:29:30.776,1769990,6.376,4.934,1.899,-0.208,-0.250,-0.188,-59.400,10.500,-22.350,34.8
15:29:30.777,1770044,7.214,4.446,1.709,-0.049,-0.107,-0.075,-60.300,17.700,-21.150,34.9
15:29:30.837,1770098,6.486,4.903,2.325,-0.076,-0.090,0.138,-60.300,17.700,-21.150,34.9
15:29:30.897,1770152,5.873,4.159,2.811,-0.023,0.008,0.156,-62.700,18.750,-23.100,35.0
15:29:30.956,1770206,6.704,4.654,1.231,0.052,-0.161,0.185,-62.700,18.750,-23.100,35.0
15:29:31.016,1770260,5.734,3.967,2.823,0.088,0.000,-0.030,-61.800,19.200,-21.150,34.9
15:29:31.077,1770314,6.505,4.001,1.140,0.136,-0.210,-0.046,-61.800,19.200,-21.150,34.9
15:29:31.137,1770368,7.343,4.367,2.780,0.116,-0.100,0.025,-62.850,17.400,-21.150,34.7
15:29:31.197,1770422,7.264,4.592,1.891,-0.080,-0.054,0.122,-62.850,17.400,-21.150,34.6
15:29:31.256,1770476,8.171,4.903,1.492,0.029,0.013,0.090,-62.850,17.400,-21.150,34.8
15:29:31.316,1770530,7.671,4.748,1.820,0.198,0.155,0.010,-62.850,17.400,-21.150,34.8
15:29:31.317,1770584,6.888,5.428,1.990,0.208,0.252,-0.196,-62.100,17.700,-21.450,35.1
15:29:31.377,1770638,7.070,3.433,1.944,0.359,0.208,-0.167,-62.700,17.850,-20.550,34.8
15:29:31.436,1770692,6.663,5.088,1.731,0.250,0.148,-0.148,-62.700,17.850,-20.550,35.0
15:29:31.496,1770746,6.910,3.883,1.566,0.377,0.213,-0.103,-62.100,18.450,-21.450,34.9
15:29:31.557,1770800,7.683,4.752,2.500,0.281,0.228,0.040,-62.100,18.450,-21.450,34.8
15:29:31.617,1770854,6.879,4.975,1.949,0.232,0.146,0.122,-61.050,16.950,-18.900,35.1
15:29:31.676,1770908,7.879,6.376,2.646,-0.176,0.088,0.313,-61.050,16.950,-18.900,34.6
15:29:31.736,1770962,7.077,4.503,2.131,0.216,0.021,0.323,-61.050,16.950,-18.900,34.7
15:29:31.796,1771016,7.666,4.982,1.944,0.283,0.036,0.431,-61.050,16.950,-18.900,34.7
15:29:31.857,1771070,7.961,4.650,2.397,0.187,-0.037,0.675,-61.050,9.600,-18.900,34.7
15:29:31.917,1771124,9.445,5.392,1.719,0.209,-0.196,0.822,-61.050,9.600,-18.900,34.8
15:29:31.918,1771178,9.615,4.348,2.270,0.144,-0.125,0.453,-58.200,4.800,-19.050,34.8
15:29:31.976,1771232,10.764,5.200,1.437,-0.002,-0.183,0.386,-58.200,4.800,-19.050,34.9
15:29:32.036,1771286,9.814,3.603,1.899,0.005,-0.195,0.246,-54.750,0.000,-18.900,34.8
15:29:32.097,1771340,10.331,3.807,1.427,0.088,-0.095,0.195,-53.700,-2.400,-20.550,34.8
15:29:32.157,1771394,9.373,3.189,1.003,0.071,-0.116,0.227,-53.700,-2.400,-20.550,34.7
15:29:32.217,1771448,9.519,3.405,0.958,0.067,-0.126,0.338,-53.700,-2.400,-20.550,34.8
15:29:32.276,1771502,9.553,2.217,0.747,0.182,-0.162,0.426,-53.700,-2.400,-20.550,34.8
15:29:32.336,1771556,9.620,3.807,0.950,0.211,-0.107,0.457,-49.500,-6.450,-21.150,34.9
15:29:32.397,1771610,9.936,2.172,0.991,0.234,-0.110,0.421,-49.500,-6.450,-21.150,34.8
15:29:32.398,1771664,9.917,2.947,1.178,-0.208,-0.102,0.296,-47.700,-10.800,-19.350,34.8
15:29:32.457,1771718,9.771,2.430,1.257,-0.313,-0.119,0.099,-47.700,-10.800,-19.350,34.9
15:29:32.516,1771772,9.618,2.418,1.089,-0.144,-0.064,0.046,-47.100,-9.450,-21.750,34.7
15:29:32.577,1771826,9.333,1.851,0.788,0.029,-0.106,0.156,-47.100,-9.450,-21.750,34.8
15:29:32.636,1771880,9.201,2.430,0.984,0.150,-0.014,0.084,-48.000,-10.050,-21.150,34.6
15:29:32.697,1771934,9.450,1.702,0.840,0.203,0.075,0.029,-48.000,-10.050,-21.150,34.9
15:29:32.757,1771988,9.584,2.231,0.860,0.373,0.075,0.034,-48.000,-10.050,-21.150,34.7
15:29:32.816,1772042,9.361,2.425,0.977,0.215,0.004,0.090,-46.650,-10.950,-20.550,34.8
15:29:32.876,1772096,9.766,2.368,0.814,-0.011,-0.026,0.019,-46.650,-10.950,-20.550,34.8
15:29:32.937,1772150,9.436,2.344,0.886,-0.046,-0.060,0.053,-46.200,-12.300,-19.650,34.7
15:29:32.938,1772204,9.665,2.073,0.773,0.003,-0.053,0.017,-46.200,-12.300,-19.650,34.8
15:29:32.996,1772258,9.582,2.227,0.582,0.071,-0.000,0.005,-45.750,-11.850,-18.600,34.8
15:29:33.057,1772312,9.443,1.956,0.862,0.009,-0.052,-0.046,-45.750,-11.850,-18.600,34.7
15:29:33.117,1772366,9.780,2.246,0.759,-0.116,-0.063,-0.025,-45.600,-11.400,-20.250,34.8
15:29:33.177,1772420,10.192,1.901,0.766,-0.205,-0.026,-0.136,-45.600,-11.400,-20.250,34.8
15:29:33.237,1772474,10.760,1.908,0.575,-0.117,0.130,-0.104,-45.600,-11.400,-20.250,34.7
15:29:33.297,1772528,10.580,2.014,1.082,-0.038,0.221,-0.363,-47.400,-9.450,-19.500,35.1
15:29:33.357,1772582,10.939,3.172,1.374,-0.181,0.262,-0.442,-47.400,-9.450,-19.500,34.8
15:29:33.416,1772636,10.896,2.267,1.144,-0.508,0.130,-0.650,-49.350,-7.500,-19.800,34.8
15:29:33.477,1772690,10.630,3.306,1.061,-0.618,0.143,-0.625,-49.350,-7.500,-19.800,35.0
15:29:33.477,1772744,9.388,2.667,0.907,-0.280,0.210,-0.664,-51.900,-3.600,-22.050,35.1
15:29:33.536,1772798,9.692,4.590,1.702,0.059,0.328,-0.428,-51.900,-3.600,-22.050,34.8
15:29:33.597,1772852,9.819,3.701,1.755,-0.039,0.163,-0.550,-54.750,1.500,-21.900,34.6
15:29:33.657,1772906,8.286,4.743,1.767,-0.002,-0.012,-0.477,-54.750,1.500,-21.900,34.8
15:29:33.717,1772960,9.076,4.278,2.267,-0.127,-0.154,-0.436,-59.250,6.150,-18.600,34.7
15:29:33.777,1773014,7.195,5.593,2.222,-0.314,-0.296,-0.296,-59.250,6.150,-18.600,34.9
15:29:33.836,1773068,8.543,4.405,2.064,-0.263,-0.121,-0.235,-59.250,6.150,-18.600,34.8
15:29:33.897,1773122,7.180,4.872,1.846,0.104,-0.256,-0.116,-59.250,6.150,-18.600,35.0
15:29:33.957,1773176,8.404,4.331,1.319,0.007,-0.063,-0.085,-59.700,10.950,-21.750,34.9
15:29:34.017,1773230,6.443,4.834,1.528,-0.061,-0.198,0.048,-62.400,14.400,-20.550,34.7
15:29:34.017,1773284,6.893,4.594,1.808,-0.169,0.154,-0.023,-62.400,14.400,-20.550,34.8
15:29:34.076,1773338,7.669,3.462,2.100,0.143,0.051,0.147,-59.850,11.550,-22.200,34.5
15:29:34.137,1773392,7.700,4.379,2.334,0.026,0.127,0.162,-59.850,11.550,-22.200,34.8
15:29:34.197,1773446,8.420,3.970,1.144,-0.197,-0.095,0.282,-61.800,11.850,-21.150,35.0
15:29:34.257,1773500,7.195,3.962,1.022,-0.137,0.042,0.384,-61.800,11.850,-21.150,34.8
15:29:34.316,1773554,8.004,4.283,0.354,0.050,0.140,0.154,-61.800,11.850,-21.150,34.7
15:29:34.377,1773608,7.415,4.049,1.836,0.169,-0.164,-0.013,-61.800,11.850,-21.150,34.7
15:29:34.437,1773662,7.949,3.778,1.733,0.059,-0.252,-0.195,-62.550,10.050,-21.150,34.7
15:29:34.497,1773716,9.850,4.714,0.484,-0.010,-0.059,-0.078,-62.550,10.050,-21.150,34.8
15:29:34.557,1773770,8.432,3.223,1.851,0.203,-0.116,0.030,-61.200,10.950,-23.100,34.7
15:29:34.558,1773824,8.210,4.549,1.358,0.127,-0.017,-0.113,-62.100,10.350,-21.450,34.8
15:29:34.616,1773878,7.348,3.859,1.367,0.050,0.004,-0.100,-62.100,10.350,-21.450,34.9
15:29:34.677,1773932,6.795,3.946,1.743,0.043,0.125,-0.186,-61.950,11.400,-21.300,34.9
15:29:34.737,1773986,6.321,4.482,1.207,0.124,0.265,-0.261,-61.950,11.400,-21.300,34.9
15:29:34.797,1774040,7.166,4.185,1.748,0.179,0.219,-0.240,-61.950,11.400,-21.300,34.8
15:29:34.856,1774094,6.960,4.142,1.501,0.230,0.249,-0.244,-61.950,11.400,-21.300,34.9
15:29:34.916,1774148,8.509,5.377,1.618,0.092,0.202,-0.169,-59.700,11.700,-20.550,35.0
15:29:34.976,1774202,7.384,4.269,1.911,0.138,0.192,-0.119,-59.700,11.700,-20.550,34.8
15:29:35.036,1774256,8.140,5.085,1.908,0.141,0.110,-0.042,-61.200,11.700,-20.250,34.8
15:29:35.096,1774310,8.672,5.284,1.322,0.233,0.125,0.185,-61.200,11.700,-20.250,34.8
15:29:35.096,1774364,7.755,4.436,2.116,0.143,0.041,0.161,-59.250,10.350,-16.800,35.0
15:29:35.157,1774418,9.309,5.497,1.563,-0.019,0.036,0.267,-59.550,6.900,-17.550,34.7
15:29:35.217,1774472,9.340,4.987,1.923,0.050,-0.063,0.338,-59.550,6.900,-17.550,34.8
15:29:35.277,1774526,8.959,4.999,1.647,0.116,-0.109,0.258,-59.550,6.900,-17.550,34.8
15:29:35.337,1774580,9.948,5.653,1.338,-0.102,-0.204,0.258,-59.550,6.900,-17.550,34.8
15:29:35.397,1774634,8.507,4.080,1.990,-0.298,-0.168,0.123,-57.900,2.850,-18.750,35.0
15:29:35.457,1774688,9.187,4.348,1.018,0.102,-0.140,0.167,-57.900,2.850,-18.750,34.8
15:29:35.516,1774742,8.724,3.943,1.623,0.239,-0.171,0.236,-56.400,0.450,-21.300,34.8
15:29:35.576,1774796,9.335,4.096,0.943,0.130,-0.122,0.191,-56.400,0.450,-21.300,34.8
15:29:35.636,1774850,9.414,3.792,1.336,0.068,-0.174,0.257,-53.550,-3.450,-21.150,34.8
15:29:35.637,1774904,9.443,3.438,1.276,0.304,-0.011,0.155,-53.550,-3.450,-21.150,34.6
15:29:35.696,1774958,9.450,3.656,1.003,0.477,-0.019,0.201,-52.050,-2.250,-21.450,34.9
15:29:35.757,1775012,9.299,3.642,1.199,0.409,0.025,0.281,-52.050,-2.250,-21.450,34.8
15:29:35.817,1775066,9.239,3.323,0.953,0.402,-0.055,0.236,-52.050,-5.700,-17.850,34.9
15:29:35.876,1775120,9.364,3.682,1.214,0.212,-0.028,0.146,-52.050,-5.700,-17.850,35.0
15:29:35.936,1775174,9.206,3.158,0.730,0.089,0.014,0.091,-52.050,-5.700,-17.850,34.8
15:29:35.997,1775228,9.155,3.469,1.183,0.087,0.020,0.076,-50.400,-9.450,-18.450,34.7
15:29:36.056,1775282,9.316,3.227,0.711,0.104,0.042,0.058,-50.400,-9.450,-18.450,34.8
15:29:36.117,1775336,9.258,3.342,1.188,-0.002,0.006,0.043,-50.250,-10.050,-18.150,34.9
15:29:36.176,1775390,9.366,3.275,0.630,-0.050,0.005,0.036,-50.250,-10.050,-18.150,34.8
15:29:36.177,1775444,9.290,3.136,0.721,0.021,0.023,0.035,-49.650,-9.450,-18.000,34.7
15:29:36.237,1775498,9.045,3.010,0.567,0.119,0.068,0.031,-49.650,-9.450,-18.000,34.8
15:29:36.297,1775552,8.942,3.393,0.771,0.092,0.007,0.051,-51.300,-9.150,-16.050,34.8
15:29:36.357,1775606,9.067,3.491,0.603,-0.043,-0.027,0.072,-51.300,-9.150,-16.050,35.1
15:29:36.417,1775660,9.361,3.369,0.824,-0.163,-0.106,0.076,-51.300,-9.150,-16.050,34.7
15:29:36.477,1775714,9.639,3.230,0.608,-0.207,-0.059,-0.018,-48.000,-9.600,-16.800,34.6
15:29:36.537,1775768,10.089,2.849,0.632,-0.068,0.009,-0.155,-48.000,-9.600,-16.800,34.9
15:29:36.597,1775822,9.984,2.947,0.960,-0.025,0.152,-0.343,-50.100,-9.750,-18.450,34.8
15:29:36.657,1775876,10.702,3.785,1.480,-0.157,0.118,-0.422,-50.100,-9.750,-18.450,35.1
15:29:36.716,1775930,10.333,3.405,1.008,-0.511,0.189,-0.648,-53.100,-5.850,-18.750,34.9
15:29:36.717,1775984,11.224,4.235,0.931,-0.469,0.113,-0.668,-53.100,-5.850,-18.750,34.9
15:29:36.777,1776038,10.271,4.101,1.058,-0.160,0.231,-0.720,-55.200,-1.650,-18.450,35.0
15:29:36.837,1776092,9.402,5.064,1.247,-0.131,0.157,-0.595,-55.200,-1.650,-18.450,35.0
15:29:36.896,1776146,8.835,5.097,1.537,-0.319,0.080,-0.563,-55.200,-1.650,-18.450,34.6
15:29:36.956,1776200,8.104,5.253,1.480,-0.329,-0.034,-0.461,-55.200,-1.650,-18.450,34.6
15:29:37.017,1776254,7.204,4.810,2.186,-0.265,-0.118,-0.256,-60.600,8.400,-17.550,35.0
15:29:37.076,1776308,7.441,5.306,1.547,-0.289,-0.101,-0.146,-60.900,12.150,-18.450,34.9
15:29:37.137,1776362,6.634,5.432,1.949,-0.073,-0.026,-0.163,-60.900,12.150,-18.450,34.8
15:29:37.196,1776416,7.211,5.483,1.753,-0.010,0.059,-0.092,-62.100,15.450,-18.150,35.0
15:29:37.256,1776470,6.677,5.241,2.136,0.000,0.059,-0.187,-62.100,15.450,-18.150,34.8
15:29:37.257,1776524,7.219,5.160,1.827,0.064,-0.004,-0.261,-61.800,15.750,-20.700,34.9
15:29:37.316,1776578,7.089,5.236,2.112,0.109,-0.198,-0.184,-61.800,15.750,-20.700,35.0
15:29:37.377,1776632,7.769,5.818,1.537,-0.109,-0.218,-0.143,-61.800,15.750,-20.700,34.7
15:29:37.436,1776686,7.736,5.533,1.820,-0.305,-0.163,-0.016,-61.800,15.750,-20.700,34.6
15:29:37.497,1776740,7.017,5.368,2.042,-0.275,-0.180,0.140,-61.800,15.750,-20.700,34.9
15:29:37.557,1776794,6.642,5.181,1.144,-0.258,-0.075,0.183,-61.800,15.750,-20.700,34.7
15:29:37.617,1776848,6.558,5.066,1.949,-0.027,-0.217,0.125,-62.100,18.150,-20.100,34.7
15:29:37.677,1776902,7.096,5.787,1.044,-0.232,-0.041,0.080,-62.100,18.150,-20.100,34.8
15:29:37.736,1776956,7.135,4.681,1.628,-0.027,0.088,-0.001,-63.150,17.850,-19.800,34.8
15:29:37.796,1777010,7.377,5.725,1.147,0.272,0.144,-0.078,-62.100,18.150,-20.400,34.8
15:29:37.797,1777064,7.503,5.392,1.575,0.039,0.143,-0.066,-62.100,18.150,-20.400,34.9
15:29:37.857,1777118,7.623,5.607,1.836,-0.048,0.066,-0.150,-63.450,18.750,-21.300,34.8
15:29:37.917,1777172,7.824,5.301,1.542,0.220,0.023,-0.122,-63.450,18.750,-21.300,34.9
15:29:37.976,1777226,8.198,5.380,1.944,0.131,0.079,-0.065,-63.450,18.750,-21.300,34.8
15:29:38.036,1777280,7.465,5.813,1.741,0.038,-0.003,0.003,-63.450,18.750,-21.300,34.9
15:29:38.096,1777334,7.796,5.313,1.856,0.005,0.056,-0.020,-62.550,18.150,-20.100,34.5
15:29:38.156,1777388,7.204,5.653,1.817,0.040,-0.094,0.025,-62.550,18.150,-20.100,34.7
